DATE,TIME,PLACE,AMOUNT,ACCOUNT,EXPENSE,CATEGORY,TAGS,NOTE
04-04-16,08:48 AM,INDIAN RAILWAY,-270,IRCTC Messages,No,UNKNOWN,,Indian Railway refund
06-04-16,11:49 PM,CITRUS PAY* JAZZCINE,840,CitiBank credit 4456,Yes,ENTERTAINMENT,,
07-04-16,11:01 AM,IRCTC,512.9,CitiBank credit 4456,Yes,TRAVEL,#Online,
09-04-16,03:28 PM,INDIAN RAILWAY,-330,IRCTC Messages,No,UNKNOWN,,Indian Railway refund
11-04-16,11:03 AM,IRCTC,467.9,CitiBank credit 4456,Yes,TRAVEL,#Online,
21-04-16,11:03 AM,IRCTC,467.9,CitiBank credit 4456,Yes,TRAVEL,#Online,
10-05-16,03:15 PM,KOTTARAM,215,CitiBank credit 4456,Yes,FOOD & DRINKS,,
10-05-16,07:38 PM,SUN DIRECT TV,"1,000",CitiBank credit 4456,Yes,ENTERTAINMENT,,
11-05-16,02:09 PM,KOTTARAM,600,CitiBank credit 4456,Yes,FOOD & DRINKS,,
12-05-16,11:04 AM,IRCTC,467.9,CitiBank credit 4456,Yes,TRAVEL,#Online,
12-05-16,11:12 AM,REDBUS,"1,999",CitiBank credit 4456,Yes,TRAVEL,#Online,
12-05-16,08:44 PM,ATHOIBA,220,CitiBank credit 4456,Yes,FOOD & DRINKS,,
14-05-16,04:59 PM,SOUTH MALABAR TRADIN,272,CitiBank credit 4456,Yes,OTHER,,
19-05-16,11:48 AM,RELIANCEINFO-BILLD,571.35,CitiBank credit 4456,Yes,MOBILE BILLS,,
19-05-16,01:31 PM,KOTTARAM,405,CitiBank credit 4456,Yes,FOOD & DRINKS,,
21-05-16,05:49 PM,HOTEL RUNS,89,CitiBank credit 4456,Yes,FOOD & DRINKS,,
23-05-16,11:02 AM,IRCTC,467.9,CitiBank credit 4456,Yes,TRAVEL,#Online,
31-05-16,08:45 AM,RADHA DRIVING SCHOOL,"2,000",CitiBank credit 4456,Yes,OTHER,,
01-06-16,03:59 PM,AMAZON,"1,362",CitiBank credit 4456,Yes,SHOPPING,#Online,
02-06-16,11:02 AM,IRCTC,468,CitiBank credit 4456,Yes,TRAVEL,#Online,
02-06-16,11:26 AM,REDBUS,"1,187",CitiBank credit 4456,Yes,TRAVEL,#Online,
04-06-16,01:16 PM,INDIAN RAILWAY,-385,IRCTC Messages,No,UNKNOWN,,Indian Railway refund
06-06-16,11:05 AM,IRCTC,468,CitiBank credit 4456,Yes,TRAVEL,#Online,
07-06-16,02:28 PM,SEA SHELL,"1,592",CitiBank credit 4456,Yes,FOOD & DRINKS,,
07-06-16,05:20 PM,WWW OLACABS COM,599,CitiBank credit 4456,Yes,TRAVEL,,
07-06-16,06:08 PM,OLA,346,OlaCab Messages,No,TRAVEL,#Online,
08-06-16,07:41 PM,ELITE SUPER MARKET,"4,288",CitiBank credit 4456,Yes,GROCERIES,,
08-06-16,08:22 PM,STERLING APPLIANCES,"1,242",CitiBank credit 4456,Yes,SHOPPING,,
09-06-16,09:23 PM,ORANGE BAKERS,500,CitiBank credit 4456,Yes,FOOD & DRINKS,,
10-06-16,03:55 PM,AARYA MEDICAL CENTRE,"3,110",CitiBank credit 4456,Yes,GROCERIES,,
10-06-16,03:59 PM,AARYA MEDICAL CENTRE,172,CitiBank credit 4456,Yes,GROCERIES,,
10-06-16,07:39 PM,PITTAPPILLIL AGENCIES,"34,700",CitiBank credit 4456,Yes,SHOPPING,,
10-06-16,07:41 PM,PITTAPPILLIL AGENCIES,"30,000",CitiBank credit 4456,Yes,SHOPPING,,
13-06-16,12:00 PM,RENT ADVANCE,"30,000",CASH Spends,Yes,OTHER,,"House deposit, will get back though"
22-06-16,07:51 PM,RELIANCEINFO-BILLD,573.85,CitiBank credit 4456,Yes,MOBILE BILLS,,
23-06-16,02:51 PM,BOOKMYSHOW,320.52,CitiBank credit 4456,Yes,ENTERTAINMENT,#Online,
23-06-16,09:36 PM,TRAVANCORE FOOD,262,CitiBank credit 4456,Yes,FOOD & DRINKS,,
28-06-16,07:26 PM,ELITE SUPER MARKET,"1,190",CitiBank credit 4456,Yes,GROCERIES,,
30-06-16,12:00 PM,COMPUTER TABLE,"3,500",CASH Spends,Yes,SHOPPING,,
30-06-16,12:00 PM,COMPUTER CHAIR,"3,500",CASH Spends,Yes,SHOPPING,,
30-06-16,12:00 PM,GIFT VOUCHER GOPHERCON,"25,000",CASH Spends,Yes,OTHER,,Not an actual expense.. but this much spend to get the shift go smoothly.
30-06-16,12:00 PM,ASIANET BROADBAND,"3,000",CASH Spends,Yes,BILLS,,
30-06-16,12:00 PM,ASIANET TV,"2,000",CASH Spends,Yes,BILLS,,
30-06-16,12:00 PM,MILK,470,CASH Spends,Yes,BILLS,,
30-06-16,12:00 PM,MAINTENANCE,"2,000",CASH Spends,Yes,BILLS,,
30-06-16,12:00 PM,RENT,"5,000",CASH Spends,Yes,TRANSFER,,House rent
30-06-16,12:52 PM,SEA SHELL,953,CitiBank credit 4456,Yes,FOOD & DRINKS,,
30-06-16,09:56 PM,SAVOURY SEASHEL,305,CitiBank credit 4456,Yes,FOOD & DRINKS,,
01-07-16,11:02 AM,IRCTC,513,CitiBank credit 4456,Yes,TRAVEL,#Online,
02-07-16,08:58 AM,LUXE - JAZZ CINEMAS,430,CitiBank credit 4456,Yes,ENTERTAINMENT,,
02-07-16,01:33 PM,SHOPPERS STOP,"1,081.5",CitiBank credit 4456,Yes,SHOPPING,,
03-07-16,07:33 PM,ELITE SUPER MARKET,422,CitiBank credit 4456,Yes,GROCERIES,,
03-07-16,08:02 PM,MOOLANS MEGA MART,"1,185.73",CitiBank credit 4456,Yes,GROCERIES,,
04-07-16,10:06 PM,PRICELINE.COM,"2,630",CitiBank credit 4456,Yes,TRAVEL,,
04-07-16,11:02 PM,GOIBIBO,"3,039",CitiBank credit 4456,Yes,TRAVEL,#Online,
05-07-16,08:51 AM,AGODA HOTEL RES,"3,596",CitiBank credit 4456,Yes,TRAVEL,,
05-07-16,12:00 PM,EMI,"3,500",CASH Spends,Yes,EMI,,
05-07-16,07:55 PM,MOOLANS MEGA MART,583.25,CitiBank credit 4456,Yes,GROCERIES,,
05-07-16,09:03 PM,HDFC ERGO GENERAL INSURANCE COMPANY LIMITED,"1,554.98",CitiBank credit 4456,Yes,HEALTH,,
06-07-16,11:40 AM,ELITE SUPER MARKET,690,CitiBank credit 4456,Yes,GROCERIES,,
06-07-16,12:01 PM,MOOLANS MEGA MART,689.64,CitiBank credit 4456,Yes,GROCERIES,,
09-07-16,12:00 PM,LULU MALL,"7,254",CASH Spends,Yes,SHOPPING,#Family,
09-07-16,12:00 PM,AMAZON,399,CASH Spends,Yes,SHOPPING,,
13-07-16,11:24 AM,VISABILLPAY-AIR,230,CitiBank credit 4456,Yes,MOBILE BILLS,#Online,
13-07-16,12:00 PM,ELITE SUPER MARKET,760,CASH Spends,Yes,GROCERIES,,
16-07-16,12:00 PM,PETROL,"1,000",CASH Spends,Yes,FUEL,,
16-07-16,12:00 PM,KADAL PKD,770,CASH Spends,Yes,FOOD & DRINKS,,
16-07-16,12:00 PM,NUMBER PLATE,850,CASH Spends,Yes,OTHER,,
17-07-16,12:00 PM,ELITE,"1,705",CASH Spends,Yes,GROCERIES,,
18-07-16,07:41 PM,BIKE REPIRE,"1,500",CASH Spends,Yes,BILLS,,
19-07-16,11:14 AM,IRCTC,513,CitiBank credit 4456,Yes,TRAVEL,#Online,
21-07-16,08:40 AM,IRCTC,468,CitiBank credit 4456,Yes,TRAVEL,#Online,
21-07-16,09:14 AM,RELIANCEINFO-BILLD,573.85,CitiBank credit 4456,Yes,MOBILE BILLS,,
21-07-16,03:29 PM,SEA SHELL,791,CitiBank credit 4456,Yes,FOOD & DRINKS,,
21-07-16,09:40 PM,VISABILLPAY,104,CitiBank credit 4456,Yes,MOBILE BILLS,,
23-07-16,03:43 AM,TAXI,350,CASH Spends,Yes,TRAVEL,,
24-07-16,07:29 PM,HOTEL ARYAAS,175,CitiBank credit 4456,Yes,FOOD & DRINKS,,
24-07-16,10:02 PM,AMAZON,426,CitiBank credit 4456,Yes,SHOPPING,#Online,
25-07-16,10:50 AM,VEGIES,80,CASH Spends,Yes,GROCERIES,,
25-07-16,07:27 PM,ELITE SUPER MARKET,"1,215",CitiBank credit 4456,Yes,GROCERIES,,
25-07-16,07:42 PM,STERLING APPLIANCES,"1,600",CitiBank credit 4456,Yes,SHOPPING,,
25-07-16,07:44 PM,STERLING APPLIANCES,"1,150",CitiBank credit 4456,Yes,SHOPPING,,
25-07-16,11:33 PM,BOOKMYSHOW,322.52,CitiBank credit 4456,Yes,ENTERTAINMENT,#Online,
26-07-16,08:33 PM,POPCORN,120,CASH Spends,Yes,ENTERTAINMENT,,
26-07-16,10:29 PM,CAR WASH PIPE,227,CASH Spends,Yes,SHOPPING,,
27-07-16,08:16 PM,V K JANARDHANAN,"1,000",CitiBank credit 4456,Yes,FUEL,,
29-07-16,07:49 PM,ELITE SUPER MARKET,435,CitiBank credit 4456,Yes,GROCERIES,,
29-07-16,08:05 PM,"MOOLANS FAMILY MART, ANGAMALY",268.24,CitiBank credit 4456,Yes,GROCERIES,,
29-07-16,10:26 PM,RENT,"12,000",CASH Spends,Yes,BILLS,,
29-07-16,10:26 PM,MAID,"1,500",CASH Spends,Yes,BILLS,,
30-07-16,07:41 PM,FLIPKART,"2,000",CitiBank credit 4456,Yes,SHOPPING,#Online,
30-07-16,10:44 PM,AMAZON,"24,764.93",CitiBank credit 4456,Yes,SHOPPING,#Online,
31-07-16,10:49 AM,KSEB,459.46,CitiBank credit 4456,Yes,BILLS,#Online,
31-07-16,12:00 PM,GAS,220,CASH Spends,Yes,BILLS,,
31-07-16,12:00 PM,MILK,743,CASH Spends,Yes,BILLS,,
31-07-16,01:43 PM,SREE RADHAKRISHNA,550,CitiBank credit 4456,Yes,FOOD & DRINKS,,
01-08-16,08:08 PM,ELITE SUPERMARKET,"1,024",CitiBank credit 4456,Yes,GROCERIES,,
02-08-16,08:10 PM,PETROL,"2,135.9",CitiBank credit 4456,Yes,FUEL,,
02-08-16,08:37 PM,COSMETICS,780,CASH Spends,Yes,SHOPPING,,
02-08-16,08:37 PM,HEALTH,270,CASH Spends,Yes,HEALTH,,
02-08-16,08:52 PM,ELECTRICITY,458,CASH Spends,Yes,BILLS,,
03-08-16,07:36 AM,IDEA PAYMENT,179,CitiBank credit 4456,Yes,SHOPPING,#Online,
03-08-16,03:48 PM,FOOD MUNNAR,284,CASH Spends,Yes,FOOD & DRINKS,,
03-08-16,03:48 PM,PARKING,25,CASH Spends,Yes,TRAVEL,,
03-08-16,08:13 PM,BREAKFAST,40,CASH Spends,Yes,FOOD & DRINKS,,
03-08-16,08:13 PM,ANHARANYAM,40,CASH Spends,Yes,TRAVEL,,
04-08-16,08:26 AM,HOTEL HILLVIEW MUNNAR,660,CitiBank credit 4456,Yes,FOOD & DRINKS,,
04-08-16,12:00 PM,DINNER,756,CASH Spends,Yes,FOOD & DRINKS,,
04-08-16,09:45 PM,HILLTOP,70,CASH Spends,Yes,TRAVEL,,
04-08-16,09:46 PM,MATTUPATI DAM,480,CASH Spends,Yes,TRANSFER,,
05-08-16,12:00 PM,BIKE EMI,"3,500",CASH Spends,Yes,EMI,,
05-08-16,07:53 PM,THEKKADI BOAT,450,CASH Spends,Yes,TRAVEL,,
05-08-16,07:54 PM,LUNCH,570,CASH Spends,Yes,FOOD & DRINKS,,
06-08-16,10:41 AM,WATERSCAPES,744,CitiBank credit 4456,Yes,FOOD & DRINKS,,
06-08-16,08:39 PM,BOAT,700,CASH Spends,Yes,TRAVEL,,
06-08-16,08:41 PM,LUNCH,580,CASH Spends,Yes,FOOD & DRINKS,,
07-08-16,09:12 AM,ANNIVERSARY TRIP TOTAL EXPENSE,"16,208",CASH Spends,No,OTHER,#Family,
07-08-16,10:10 PM,ELITE SUPERMARKET,"1,571",CASH Spends,Yes,GROCERIES,,
07-08-16,10:12 PM,PETROL,"2,170",CASH Spends,Yes,FUEL,,
08-08-16,08:28 AM,SATHEEAH MARRIAGE GIFT,"2,115",CASH Spends,Yes,SHOPPING,,
08-08-16,08:28 AM,SAREE PURCHASE,"1,699",CASH Spends,Yes,SHOPPING,,
08-08-16,08:29 AM,PROTECTIVE TAMPERED GLASS,599,CASH Spends,Yes,SHOPPING,,
10-08-16,12:00 PM,LULU MALL,"3,873",CASH Spends,Yes,SHOPPING,,
10-08-16,12:00 PM,LULU MALL HYPER MARKET,"1,366",CASH Spends,Yes,GROCERIES,,
12-08-16,01:02 PM,VISABILLPAY-AIR,230,CitiBank credit 4456,Yes,MOBILE BILLS,#Online,
13-08-16,09:46 AM,BOOKMYSHOW,320.52,CitiBank credit 4456,Yes,ENTERTAINMENT,#Online,
13-08-16,12:00 PM,GOLD,500,CASH Spends,Yes,OTHER,,
13-08-16,08:28 PM,SNACKS,250,CASH Spends,Yes,ENTERTAINMENT,,
14-08-16,02:25 PM,BREAKFAST,160,CASH Spends,Yes,FOOD & DRINKS,,
14-08-16,02:25 PM,FIAH,175,CASH Spends,Yes,GROCERIES,,
15-08-16,12:00 PM,PRG TEST,130,CASH Spends,Yes,HEALTH,,
15-08-16,12:00 PM,SNACKS,108,CASH Spends,Yes,FOOD & DRINKS,,
15-08-16,12:00 PM,TRAVEL,170,CASH Spends,Yes,TRAVEL,,
17-08-16,03:06 PM,VEGIES,68,CASH Spends,Yes,GROCERIES,,
18-08-16,10:15 AM,ELLITE SUPERMARKET,"1,246",CASH Spends,Yes,GROCERIES,,
18-08-16,10:16 AM,ASIANET,"2,358",CASH Spends,Yes,BILLS,,
19-08-16,07:54 PM,MOBILE RECHARGE,220,CASH Spends,Yes,MOBILE BILLS,,
21-08-16,09:31 AM,BEEF,150,CASH Spends,Yes,GROCERIES,,
21-08-16,01:03 PM,ELITE SUPERMARKET,"1,785",CitiBank credit 4456,Yes,GROCERIES,,
22-08-16,08:05 PM,ELITE SUPERMARKET,321,CitiBank credit 4456,Yes,GROCERIES,,
23-08-16,09:54 PM,PLUMBING,100,CASH Spends,Yes,BILLS,,
24-08-16,11:41 AM,RELIANCE BILL,573,CASH Spends,Yes,MOBILE BILLS,,
25-08-16,02:31 PM,VEGIES,54,CASH Spends,Yes,GROCERIES,,
26-08-16,12:00 PM,CHICKEN,139,CASH Spends,Yes,GROCERIES,,
27-08-16,02:35 PM,SREE RADHAKRISHNA,470,CitiBank credit 4456,Yes,FOOD & DRINKS,,
27-08-16,10:27 PM,TRAVEL,338,CASH Spends,Yes,TRAVEL,,
27-08-16,10:27 PM,MEDS,620,CASH Spends,Yes,HEALTH,,
28-08-16,10:38 AM,FISH,272,CASH Spends,Yes,GROCERIES,,
28-08-16,12:00 PM,TOLL,65,CASH Spends,Yes,TRAVEL,,
29-08-16,08:20 AM,MOBIKWIK,216.52,CitiBank credit 4456,Yes,ENTERTAINMENT,#Online,
29-08-16,11:40 AM,RENT,"12,000",CASH Spends,Yes,BILLS,,
29-08-16,11:40 AM,MAID,"1,500",CASH Spends,Yes,BILLS,,
29-08-16,02:07 PM,CLINIC CHECK,370,CASH Spends,Yes,HEALTH,,
29-08-16,02:07 PM,FOOD,190,CASH Spends,Yes,FOOD & DRINKS,,
30-08-16,08:12 AM,MOBIKWIK,179,CitiBank credit 4456,Yes,MOBILE BILLS,#Online,
30-08-16,11:41 AM,IRCTC,413,CitiBank credit 4456,Yes,TRAVEL,#Online,
30-08-16,11:51 AM,IRCTC,413,CitiBank credit 4456,Yes,TRAVEL,#Online,
30-08-16,07:30 PM,PETROL,"2,000",CitiBank credit 4456,Yes,FUEL,,
31-08-16,09:15 AM,VEGIES,51,CASH Spends,Yes,GROCERIES,,
31-08-16,12:00 PM,GAS,210,CASH Spends,Yes,BILLS,,
31-08-16,12:00 PM,MILK,821,CASH Spends,Yes,BILLS,,
01-09-16,08:51 AM,VEGIES,18,CASH Spends,Yes,GROCERIES,,
01-09-16,02:29 PM,RAZORPAY PAYMENTS,500,CitiBank credit 4456,Yes,INVESTMENT,#Online,Zerodha
01-09-16,07:14 PM,ELITE SUPERMARKET,396,CitiBank credit 4456,Yes,GROCERIES,,
03-09-16,09:14 AM,BLOOD TEST,360,CASH Spends,Yes,HEALTH,,
03-09-16,11:08 PM,FOOD,102,CASH Spends,Yes,FOOD & DRINKS,,
04-09-16,10:00 AM,TIPS,30,CASH Spends,Yes,FOOD & DRINKS,,
04-09-16,01:22 PM,SUNNY SILKS2,"3,506",CitiBank credit 4456,Yes,SHOPPING,,
04-09-16,01:50 PM,PITTAPPILLIL AGENCIES,"4,900",CitiBank credit 4456,Yes,SHOPPING,,
04-09-16,02:44 PM,HOTEL RUKMINI A UNIT,460,CitiBank credit 4456,Yes,FOOD & DRINKS,,
05-09-16,10:01 AM,RFID CARD,250,CASH Spends,Yes,BILLS,,
05-09-16,12:00 PM,BIKE EMI,"3,509",CASH Spends,Yes,EMI,,
05-09-16,04:34 PM,INTERNET,"1,045",CASH Spends,Yes,BILLS,,
05-09-16,04:34 PM,SHUTTLE COCK,650,CASH Spends,Yes,HEALTH,,
06-09-16,05:39 AM,DCSIDOCOMOCD,29,HDFC debit 3801,Yes,BILLS,,
06-09-16,07:54 PM,ELITE SUPERMARKET,"1,185",HDFC credit 2721,Yes,GROCERIES,,
07-09-16,01:30 PM,AMAZON,419,HDFC debit 3801,Yes,SHOPPING,#Online,
08-09-16,12:00 PM,PARKIG,20,CASH Spends,Yes,ENTERTAINMENT,,
08-09-16,12:00 PM,SNACKS,110,CASH Spends,Yes,ENTERTAINMENT,,
08-09-16,02:41 PM,BOOKMYSHOW,270,CASH Spends,Yes,ENTERTAINMENT,,
08-09-16,03:55 PM,"TATA DOCOMO CDMA, KERALA BILL - ACCOUNT 9287220106",29,HDFC  Bill payments,No,BILLS,,
09-09-16,12:00 PM,TOLL,65,CASH Spends,Yes,TRAVEL,,
09-09-16,08:33 PM,KRISHNA PURE VEG HOTEL,270,HDFC credit 2721,Yes,FOOD & DRINKS,,
10-09-16,10:46 AM,ATM,"2,000",CitiBank debit 8448,No,,,
10-09-16,10:56 AM,MED,525,CASH Spends,Yes,HEALTH,,
10-09-16,10:56 AM,DOCTOR CHECK,200,CASH Spends,Yes,HEALTH,,
10-09-16,05:50 PM,FISH,200,CASH Spends,Yes,GROCERIES,,
10-09-16,05:53 PM,MULLA POOV,30,CASH Spends,Yes,SHOPPING,,
11-09-16,08:19 AM,FISH,422,CASH Spends,Yes,GROCERIES,,
11-09-16,08:01 PM,MOVIE,220,CASH Spends,Yes,ENTERTAINMENT,,
11-09-16,10:17 PM,SNACKS,460,CASH Spends,Yes,GROCERIES,,
12-09-16,11:06 AM,PETROL,500,CASH Spends,Yes,FUEL,,
12-09-16,11:06 AM,TOLL,65,CASH Spends,Yes,TRAVEL,,
13-09-16,09:00 AM,MAID ADVANCE,"1,500",CASH Spends,Yes,BILLS,,
13-09-16,12:00 PM,RELIANCE,574,CASH Spends,Yes,MOBILE BILLS,,
13-09-16,12:00 PM,TOPUP,150,CASH Spends,Yes,MOBILE BILLS,,
13-09-16,12:00 PM,VEGIS AND MILK,190,CASH Spends,Yes,GROCERIES,,
14-09-16,06:44 PM,BOOKMYSHOW,280,CASH Spends,Yes,ENTERTAINMENT,,
15-09-16,08:25 AM,NET,279,CASH Spends,Yes,MOBILE BILLS,,
15-09-16,08:55 AM,VEG,35,CASH Spends,Yes,GROCERIES,,
15-09-16,03:30 PM,NET BANKING,"2,500",HDFC  5463,No,INVESTMENT,,an online payment
15-09-16,07:38 PM,ELITE SUPERMARKET,926,HDFC credit 2721,Yes,GROCERIES,,
16-09-16,10:08 AM,ATM,"2,000",CitiBank debit 8448,No,,,
16-09-16,11:15 AM,FISH,340,CASH Spends,Yes,GROCERIES,,
16-09-16,12:47 PM,MOBILE,73,CASH Spends,Yes,MOBILE BILLS,,
16-09-16,12:56 PM,MOBIK OFFER,10,CASH Spends,Yes,OFFER BENEFITS,,
16-09-16,12:57 PM,FULL TACLKTIME,58,CASH Spends,Yes,OFFER BENEFITS,,
16-09-16,01:35 PM,NET BANKING,500,HDFC  5463,No,INVESTMENT,,TPT
17-09-16,12:00 PM,TRAVEL,27,CASH Spends,Yes,TRAVEL,,
18-09-16,08:10 AM,TOLL,65,CASH Spends,Yes,TRAVEL,,
18-09-16,08:30 AM,BEEF,150,CASH Spends,Yes,GROCERIES,,
18-09-16,12:39 PM,DATA,93,CASH Spends,Yes,MOBILE BILLS,,
18-09-16,07:42 PM,ELITE SUPERMARKET,690,HDFC credit 2721,Yes,GROCERIES,,
21-09-16,07:26 PM,ELITE SUPERMARKET,541,HDFC credit 2721,Yes,GROCERIES,,
22-09-16,12:00 PM,TRAVEL,45,CASH Spends,Yes,TRAVEL,,
22-09-16,09:15 PM,BRD CAR WORLD LTD,"7,790",CitiBank credit 4456,Yes,TRAVEL,,
22-09-16,09:16 PM,PETROMOTEL,"2,300",CitiBank credit 4456,Yes,FUEL,,
24-09-16,06:02 PM,FRESH AND MORE SUPER,305.89,CitiBank credit 4456,Yes,GROCERIES,,
24-09-16,07:48 PM,TINY MARGIN FREE,440,CASH Spends,Yes,GROCERIES,,
27-09-16,09:02 AM,TOLL,65,CASH Spends,Yes,TRAVEL,,
27-09-16,09:02 AM,VEGI,63,CASH Spends,Yes,GROCERIES,,
27-09-16,12:43 PM,HDFC LIFE,"7,353",CitiBank credit 4456,Yes,HEALTH,,
30-09-16,09:51 AM,SPENT MAINTENENCE,"2,034",StanC credit 1570,Yes,BILLS,,
30-09-16,12:00 PM,RENT,"10,000",CASH Spends,Yes,BILLS,,
01-10-16,08:42 AM,NET BANKING,"5,000",HDFC  5463,No,INVESTMENT,,TPT
01-10-16,09:30 AM,ATM,"2,000",CitiBank debit 8448,No,,,
01-10-16,10:53 AM,HAIR CUT,65,CASH Spends,Yes,BILLS,,
01-10-16,05:58 PM,ELITE SUPERMARKET,713,HDFC credit 2721,Yes,GROCERIES,,
01-10-16,08:21 PM,AMAZON,"4,099",HDFC credit 2721,Yes,SHOPPING,#Online,Cancelled the order.
01-10-16,08:23 PM,AMAZON,344,HDFC credit 2721,Yes,SHOPPING,#Online,
01-10-16,09:16 PM,HOTEL RUKMINI A UNIT,330,CitiBank credit 4456,Yes,FOOD & DRINKS,,
02-10-16,11:44 AM,SUNNY SILKS3,"10,560",CitiBank credit 4456,Yes,SHOPPING,,
02-10-16,12:00 PM,TOLL,95,CASH Spends,Yes,TRAVEL,,
02-10-16,12:00 PM,DINNER,252,CASH Spends,Yes,FOOD & DRINKS,,
02-10-16,06:31 PM,RESIDENT ONAM CELEBRATION,500,CASH Spends,Yes,BILLS,,
05-10-16,12:28 AM,AMAZON,"3,639",CitiBank credit 4456,Yes,SHOPPING,#Online,
05-10-16,12:29 AM,FLIPKART,"2,032",CitiBank credit 4456,Yes,SHOPPING,#Online,
05-10-16,10:01 AM,AMAZON,"4,299",CitiBank credit 4456,Yes,SHOPPING,#Online,
05-10-16,10:32 AM,AMAZON,"-4,099",HDFC credit 2721,Yes,SHOPPING,#Online,
06-10-16,08:49 AM,MOBIKWIK,3,CitiBank credit 4456,Yes,MOBILE BILLS,#Online,
06-10-16,08:55 AM,MOBIKWIK,500,CitiBank credit 4456,Yes,MOBILE BILLS,#Online,
06-10-16,11:02 AM,IRCTC,513.92,CitiBank credit 4456,Yes,TRAVEL,#Online,
06-10-16,06:59 PM,LUNCH,135,CASH Spends,Yes,FOOD & DRINKS,,
06-10-16,07:02 PM,CLOTH,120,CASH Spends,Yes,SHOPPING,,
06-10-16,07:04 PM,TRAVEL,15,CASH Spends,Yes,TRAVEL,,
06-10-16,07:05 PM,BREAKFAST,45,CASH Spends,Yes,FOOD & DRINKS,,
07-10-16,06:53 PM,MILK,20,CASH Spends,Yes,FOOD & DRINKS,,
08-10-16,11:04 AM,IRCTC,"1,003",CitiBank credit 4456,Yes,TRAVEL,#Online,
08-10-16,01:32 PM,PRIYAS,"2,142.11",HDFC credit 2721,Yes,FUEL,,
08-10-16,03:17 PM,KRISHNA PURE VEG HOTEL,520,HDFC credit 2721,Yes,FOOD & DRINKS,,
10-10-16,12:00 PM,TREAT,"2,000",CASH Spends,Yes,ENTERTAINMENT,,
10-10-16,02:17 PM,ATM,"4,000",CitiBank debit 8448,No,,,
11-10-16,10:32 AM,BOOKMYSHOW,309,HDFC credit 2721,Yes,ENTERTAINMENT,#Online,
11-10-16,11:08 AM,PURPLE HOTELS,208,HDFC credit 2721,Yes,TRAVEL,,
11-10-16,12:00 PM,PONDY TREAT,"2,000",CASH Spends,Yes,FOOD & DRINKS,,
11-10-16,07:59 PM,MAYAJAAL MULTIPLEX,90,HDFC credit 2721,Yes,ENTERTAINMENT,,
12-10-16,12:00 PM,BREAKFAST,65,CASH Spends,Yes,FOOD & DRINKS,,
13-10-16,12:00 PM,BREAKFSST,50,CASH Spends,Yes,FOOD & DRINKS,,
13-10-16,02:19 PM,SAVOURY SEA SHELL,237,HDFC credit 2721,Yes,FOOD & DRINKS,,
15-10-16,12:00 PM,MUTTON,186.66648,CASH Spends,Yes,FOOD & DRINKS,,
17-10-16,12:00 PM,BREAKFAST,50,CASH Spends,Yes,FOOD & DRINKS,,
17-10-16,12:00 PM,LUNCH,60,CASH Spends,Yes,FOOD & DRINKS,,
18-10-16,10:38 AM,ATM,"2,000",CitiBank debit 8448,No,,,
18-10-16,12:00 PM,KAJU,353,CASH Spends,Yes,FOOD & DRINKS,,
18-10-16,08:00 PM,LUNCH,70,CASH Spends,Yes,FOOD & DRINKS,,
18-10-16,08:01 PM,BREAKFAST,50,CASH Spends,Yes,FOOD & DRINKS,,
19-10-16,02:49 PM,LUNCH,70,CASH Spends,Yes,FOOD & DRINKS,,
19-10-16,04:38 PM,SMARTPAY 788601,"6,582.7",HDFC credit XXXX,Yes,HEALTH,,
19-10-16,07:38 PM,ELITE SUPER MARKET,727.1,HDFC credit 2721,Yes,GROCERIES,,
20-10-16,10:54 AM,LINKED TO MOBILE 9XXXXXX979,"5,000",HDFC  5463,No,UNKNOWN,,IMPS Ref no 629410132816
20-10-16,11:22 PM,AMAZON,"3,890.55",CitiBank credit 4456,Yes,SHOPPING,#Online,
21-10-16,01:48 PM,MAID SALARY,750,CASH Spends,Yes,BILLS,,
21-10-16,06:54 PM,MOBIKWIK,541,CitiBank credit 4456,Yes,MOBILE BILLS,#Online,
21-10-16,08:27 PM,TRAVEL,265,CASH Spends,Yes,TRAVEL,,
23-10-16,09:16 PM,ELITE SUPERMARKET,851,CitiBank credit 4456,Yes,GROCERIES,,
23-10-16,10:14 PM,HOTEL RUKMINI,840,CitiBank credit 4456,Yes,FOOD & DRINKS,,
24-10-16,11:02 AM,IRCTC,478,CitiBank credit 4456,No,TRAVEL,#Online,
24-10-16,07:04 PM,ELITE SUPERMARKET,213,CitiBank credit 4456,Yes,GROCERIES,,
25-10-16,09:03 AM,NET BANKING,"6,000",HDFC  5463,No,INVESTMENT,,TPT
25-10-16,10:01 AM,STERLING STEEL PALACE,390,CitiBank credit 4456,Yes,SHOPPING,,
25-10-16,10:04 AM,ATM,"2,000",CitiBank debit 8448,No,,,
25-10-16,10:49 AM,FIAH AND VEG,190,CASH Spends,Yes,GROCERIES,,
25-10-16,11:01 AM,IRCTC,478.01,CitiBank credit 4456,Yes,TRAVEL,#Online,
25-10-16,11:33 PM,IBPS17006,714.06,CitiBank credit 4456,Yes,OTHER,#Online,
25-10-16,11:57 PM,SPENT,100,StanC credit 1570,Yes,MOBILE BILLS,,
26-10-16,11:02 AM,IRCTC,468,CitiBank credit 4456,Yes,TRAVEL,#Online,
26-10-16,12:44 PM,SNACKS,520,CASH Spends,Yes,FOOD & DRINKS,,
27-10-16,07:16 PM,SPENT ELECTRICITY BILL,675.56,StanC credit 1570,Yes,BILLS,,
28-10-16,10:32 PM,TOLL,65,CASH Spends,Yes,TRAVEL,,
29-10-16,11:05 AM,SRI GOWRI KRISHNA BA,760,CitiBank credit 4456,Yes,FOOD & DRINKS,,
29-10-16,06:09 PM,TOLL,83,CASH Spends,Yes,TRAVEL,,
30-10-16,08:33 AM,TOLL,65,CASH Spends,Yes,TRAVEL,,
30-10-16,06:50 PM,ATM,"1,000",CitiBank debit 8448,Yes,,,
30-10-16,08:46 PM,ELITE SUPERMARKET,486,CitiBank credit 4456,Yes,GROCERIES,,
31-10-16,12:00 AM,CHICKEN,140,CASH Spends,Yes,GROCERIES,,
31-10-16,12:01 AM,VEGIS,208,CASH Spends,Yes,GROCERIES,,
31-10-16,12:01 AM,GROCERY,318,CASH Spends,Yes,GROCERIES,,
31-10-16,12:00 PM,MAINTENANCE,"2,120",CASH Spends,Yes,BILLS,,
31-10-16,12:00 PM,RENT,"10,000",CASH Spends,Yes,BILLS,,
31-10-16,10:38 PM,RUKHMINI DHABA ( MANKLOLI DHABA),440,CitiBank credit 4456,Yes,FOOD & DRINKS,,
01-11-16,08:20 AM,NET BANKING,"10,000",HDFC  5463,No,UNKNOWN,,TPT
01-11-16,06:45 PM,AMAZON,769,CitiBank credit 4456,No,SHOPPING,#Online,
01-11-16,08:44 PM,ELITE SUPERMARKET,421,CitiBank credit 4456,Yes,GROCERIES,,
02-11-16,11:01 AM,IRCTC,478.92,CitiBank credit 4456,Yes,TRAVEL,#Online,
03-11-16,09:42 AM,HP PETROL PUMP - M.G.FUEL POINT,"2,230",CitiBank credit 4456,Yes,FUEL,,
04-11-16,11:02 AM,IRCTC,468.92,CitiBank credit 4456,No,TRAVEL,#Online,
04-11-16,11:09 AM,IRCTC,468.92,CitiBank credit 4456,No,TRAVEL,#Online,
04-11-16,11:22 AM,NET BANKING TRAIN TICKET BOOKING,480.42,HDFC  5463,No,UNKNOWN,,an online payment
04-11-16,07:24 PM,FISH,50,CASH Spends,Yes,GROCERIES,,
05-11-16,11:01 AM,IRCTC,"1,735.76",CitiBank credit 4456,No,TRAVEL,#Online,
05-11-16,11:09 AM,NET BANKING,"1,747.26",HDFC  5463,No,UNKNOWN,,an online payment
05-11-16,03:43 PM,DINING TABLE GLASS,"2,700",CASH Spends,Yes,BILLS,,
06-11-16,12:05 PM,SRI GOWRI KRISHNA BA,"1,120",CitiBank credit 4456,Yes,FOOD & DRINKS,,
07-11-16,01:25 PM,INDIAN RAILWAY,"-1,530",IRCTC Messages,No,TRAVEL,,Indian Railway refund
07-11-16,03:50 PM,TOLL,130,CASH Spends,Yes,TRAVEL,,
07-11-16,06:39 PM,VEGGIES,240,CASH Spends,Yes,GROCERIES,,
08-11-16,12:00 PM,CASH SPENT,325,CASH Spends,No,FOOD & DRINKS,,
08-11-16,06:01 PM,ATM,"4,000",CitiBank debit 8448,No,,,
09-11-16,09:22 PM,ELITE SUPERMARKET,275,HDFC credit 2721,Yes,GROCERIES,,
10-11-16,08:43 AM,CAR MAINTENANCE,"2,490",CASH Spends,Yes,BILLS,,
11-11-16,12:00 PM,MAID ADVANCE,"1,500",CASH Spends,Yes,BILLS,,
11-11-16,12:19 PM,BHARAT PETROL PUMP,"2,371",HDFC credit 2721,Yes,FUEL,,
11-11-16,02:39 PM,FOOD,181,CASH Spends,Yes,FOOD & DRINKS,,
11-11-16,02:40 PM,HOSPITAL OP,200,CASH Spends,Yes,HEALTH,,
11-11-16,06:06 PM,MING PALACE,170,HDFC credit 2721,Yes,FOOD & DRINKS,,
11-11-16,07:06 PM,ELITE SUPERMARKET,750,HDFC credit 2721,Yes,GROCERIES,,
12-11-16,11:02 AM,IRCTC,508.92,CitiBank credit 4456,Yes,TRAVEL,#Online,
12-11-16,12:56 PM,NET BANKING,"10,000",HDFC  5463,No,UNKNOWN,,TPT
13-11-16,10:53 PM,SPENT,"1,000",StanC credit 1570,No,UNKNOWN,,
14-11-16,08:58 AM,UBER,223.54,PAYTM  Unknown,No,TRAVEL,#Online,
14-11-16,12:49 PM,SPENT,1,StanC credit 1570,No,UNKNOWN,,
15-11-16,09:15 PM,AMAZON,399,CitiBank credit 4456,Yes,SHOPPING,#Online,
15-11-16,09:25 PM,MOBIKWIK,285,CitiBank credit 4456,Yes,MOBILE BILLS,#Online,
16-11-16,09:32 AM,AMAZON,-344,HDFC credit 2721,Yes,SHOPPING,#Online,
16-11-16,10:43 AM,AMAZON,"1,700",HDFC credit 2721,Yes,SHOPPING,#Online,
16-11-16,08:02 PM,SPENT,44.08,StanC credit 1570,No,UNKNOWN,,
16-11-16,08:56 PM,MOBIKWIK,154,CitiBank credit 4456,Yes,MOBILE BILLS,#Online,
17-11-16,10:40 AM,SPENT,40,StanC credit 1570,No,TRAVEL,,
17-11-16,08:19 PM,HOTEL RUNS,166.32,CitiBank credit 4456,Yes,FOOD & DRINKS,,
18-11-16,10:59 PM,DINNER,383.5,CASH Spends,Yes,FOOD & DRINKS,,
19-11-16,12:37 PM,SPENCER'S,508.65,CitiBank credit 4456,Yes,GROCERIES,,
19-11-16,04:44 PM,SPENT,88.72,StanC credit 1570,No,UNKNOWN,,
19-11-16,06:06 PM,XXXXXXX432,"10,000",HDFC  5463,No,UNKNOWN,,IMPS Ref no 632418753230
19-11-16,07:04 PM,UBER,167.92,PAYTM  Unknown,No,TRAVEL,#Online,
20-11-16,12:40 PM,KALYAN SILKS,"1,758",HDFC credit 2721,No,SHOPPING,,
20-11-16,02:14 PM,BHIMA AND BROTHER,"87,700",HDFC credit 2721,No,SHOPPING,,
21-11-16,10:46 AM,NET BANKING,"8,000",HDFC  5463,No,UNKNOWN,,TPT
22-11-16,08:04 PM,ELITE SUPERMARKET,"1,148",CitiBank credit 4456,Yes,GROCERIES,,
23-11-16,12:46 PM,MOBIKWIK,627,CitiBank credit 4456,Yes,MOBILE BILLS,#Online,
24-11-16,11:01 AM,IRCTC,455.92,CitiBank credit 4456,Yes,TRAVEL,#Online,
25-11-16,01:35 PM,AMAZON,760,CitiBank credit 4456,Yes,SHOPPING,#Online,
25-11-16,10:50 PM,TRAVANCORE FOOD,522,CitiBank credit 4456,Yes,FOOD & DRINKS,,
26-11-16,07:44 AM,CASH SPENT,212,CASH Spends,Yes,TRAVEL,,
26-11-16,08:17 AM,BSNLPOST,"1,374",CitiBank credit 4456,Yes,BILLS,,
26-11-16,12:01 PM,SEEMATTI,"7,350",CitiBank credit 4456,Yes,SHOPPING,,
26-11-16,12:10 PM,SEEMATTI,259,CitiBank credit 4456,Yes,SHOPPING,,
26-11-16,01:07 PM,BHIMA JEWELLERS,"33,450",CitiBank credit 4456,Yes,SHOPPING,,
27-11-16,08:46 PM,FISH,370,CASH Spends,Yes,GROCERIES,,
29-11-16,12:37 AM,AMAZON,343.03,CitiBank credit 4456,Yes,SHOPPING,#Online,
29-11-16,12:00 PM,FOOD,210,CASH Spends,Yes,ENTERTAINMENT,,
29-11-16,12:17 PM,BOOKMYSHOW,322.52,CitiBank credit 4456,Yes,ENTERTAINMENT,#Online,
30-11-16,12:00 PM,MAINTENANCE,"2,290",CASH Spends,Yes,BILLS,,
30-11-16,12:00 PM,MILK,810,CASH Spends,Yes,BILLS,,
30-11-16,12:00 PM,RENT,"10,000",CASH Spends,Yes,BILLS,,
30-11-16,08:56 PM,VEGIES,200,CASH Spends,Yes,GROCERIES,,
30-11-16,09:20 PM,ELITE SUPERMARKET,"1,184",CitiBank credit 4456,Yes,GROCERIES,,
01-12-16,09:23 AM,PRIYA'S HOMEO CLINIC,"2,413.34",CitiBank credit 4456,Yes,FUEL,,
01-12-16,09:39 AM,SRI MU SARAVANA BHAVAN,148,CitiBank credit 4456,Yes,FOOD & DRINKS,,
01-12-16,01:07 PM,LUNCH,206,CASH Spends,Yes,FOOD & DRINKS,,
01-12-16,01:27 PM,SCAN,"1,000",CASH Spends,Yes,HEALTH,,
02-12-16,07:49 PM,ANALYSIS,100,CASH Spends,Yes,HEALTH,,
05-12-16,08:48 AM,GURUVAYOOR INFRASTRU,65,CitiBank credit 4456,Yes,TRAVEL,,
05-12-16,11:55 AM,PRIYA'S HOMEO CLINIC,500,CitiBank credit 4456,Yes,FUEL,,
05-12-16,08:12 PM,ELITE SUPERMARKET,"2,643",CitiBank credit 4456,Yes,GROCERIES,,
06-12-16,07:51 AM,KSEB,547.31,CitiBank credit 4456,Yes,BILLS,#Online,
06-12-16,09:54 AM,NET BANKING,"10,000",HDFC  5463,No,UNKNOWN,,TPT
07-12-16,10:54 PM,NET BANKING,65,HDFC  5463,Yes,MOBILE BILLS,,an online payment
08-12-16,12:00 PM,VEGETABLES,170,CASH Spends,Yes,GROCERIES,,
08-12-16,12:00 PM,BAI SALARY,500,CASH Spends,Yes,BILLS,,
08-12-16,12:00 PM,CHICKENS,163,CASH Spends,Yes,GROCERIES,,
09-12-16,07:03 PM,XXXXXXX016,"1,625",HDFC  5463,Yes,BILLS,,IMPS Ref no 634419782168. Car accident
10-12-16,12:08 PM,PETROL,"2,000.86",HDFC credit 2721,Yes,FUEL,,
10-12-16,12:46 PM,GURUVAYOOR INFRASTRUCT,65,HDFC credit 2721,Yes,TRAVEL,,
10-12-16,03:00 PM,KRISHNA PURE VEG HOTEL,330,HDFC credit 2721,Yes,FOOD & DRINKS,,
10-12-16,05:02 PM,FRESH AND MORE SUPERMAR,"1,805.04",HDFC credit 2721,Yes,SHOPPING,,
12-12-16,09:29 AM,GURUVAYOOR INFRASTRUCT,65,HDFC credit 2721,Yes,TRAVEL,,
12-12-16,10:15 AM,ELITE SUPERMARKET,"1,013",HDFC credit 2721,Yes,GROCERIES,,
13-12-16,12:05 PM,FLIPKART,"3,949",HDFC credit 2721,Yes,SHOPPING,#Online,
14-12-16,10:16 PM,VEGETABLES,120,CASH Spends,Yes,GROCERIES,,
14-12-16,10:19 PM,AUTO CHARGE,80,CASH Spends,Yes,TRAVEL,,
15-12-16,12:00 PM,BUS FARE,14,CASH Spends,Yes,TRAVEL,,
16-12-16,09:40 AM,AUTO CHARGE,80,CASH Spends,Yes,TRAVEL,,
16-12-16,10:05 AM,FREECHARGE,31,CitiBank credit 4456,Yes,MOBILE BILLS,#Online,
16-12-16,04:27 PM,VEGIES,120,CASH Spends,Yes,GROCERIES,,
16-12-16,04:28 PM,BREAD,28,CASH Spends,Yes,GROCERIES,,
17-12-16,12:00 PM,VEGIES,140,CASH Spends,Yes,GROCERIES,,
17-12-16,03:51 PM,BRD CAR WORLD LTD,"1,800",HDFC credit 2721,Yes,TRAVEL,,
17-12-16,07:38 PM,RELIANCE BILL,345,CASH Spends,Yes,MOBILE BILLS,,
17-12-16,07:39 PM,JIO SIM,100,CASH Spends,Yes,MOBILE BILLS,,
17-12-16,09:18 PM,VEGETABLES,140,CASH Spends,Yes,GROCERIES,,
18-12-16,10:26 AM,ELITE SUPERMARKET,"1,454",HDFC credit 2721,Yes,GROCERIES,,
18-12-16,10:26 AM,ELITE SUPERMARKET,"1,454",HDFC credit 2721,Yes,GROCERIES,,
18-12-16,10:26 AM,ELITE SUPERMARKET,"-1,454",HDFC credit 2721,Yes,GROCERIES,,
19-12-16,09:14 AM,SCB CARD-BILLDESK,"3,983",CitiBank debit 3018,No,BILLS,,
19-12-16,12:00 PM,VEGGIES,180,CASH Spends,Yes,GROCERIES,,
19-12-16,11:07 PM,THE VILLAGE,"1,097",HDFC credit 2721,Yes,FOOD & DRINKS,,
20-12-16,10:40 PM,FISH,170,CASH Spends,Yes,GROCERIES,,
20-12-16,10:41 PM,GROCERY,249,CASH Spends,Yes,GROCERIES,,
21-12-16,12:00 PM,VEGGIE,120,CASH Spends,Yes,GROCERIES,,
23-12-16,10:51 PM,MEDICAL,870,CASH Spends,Yes,HEALTH,,
23-12-16,10:52 PM,TOLL,65,CASH Spends,Yes,TRAVEL,,
25-12-16,12:00 PM,TOLL,65,CASH Spends,Yes,TRAVEL,,
25-12-16,12:00 PM,TEA,90,CASH Spends,Yes,FOOD & DRINKS,,
26-12-16,10:12 AM,NET BANKING,600,HDFC  0999,No,UNKNOWN,,TPT
26-12-16,10:13 AM,NET BANKING,"2,400",HDFC  5463,No,UNKNOWN,,TPT
26-12-16,09:17 PM,VEGIES,30,CASH Spends,Yes,GROCERIES,,
27-12-16,10:17 AM,BSNL BILL,"1,374",CASH Spends,Yes,BILLS,,
27-12-16,10:00 PM,PETROL,"2,453",CASH Spends,Yes,FUEL,,
28-12-16,12:00 PM,ELITE,"1,870",CASH Spends,Yes,GROCERIES,,
28-12-16,01:18 PM,BOOKMYSHOW,322.52,DBS debit 7501,Yes,ENTERTAINMENT,#Online,
30-12-16,10:01 PM,ANEESH KUMAR,100,PhonePe  Unknown,No,UNKNOWN,,
31-12-16,09:50 AM,NET BANKING,"10,000",HDFC  5463,No,UNKNOWN,,TPT
31-12-16,12:00 PM,MILK,743,CASH Spends,Yes,BILLS,,
31-12-16,12:00 PM,MAINTENANCE,"2,345",CASH Spends,Yes,BILLS,,
31-12-16,12:00 PM,RENT,"10,000",CASH Spends,Yes,BILLS,,
31-12-16,02:00 PM,BAI,"1,000",CASH Spends,Yes,BILLS,,
31-12-16,08:07 PM,INDIAN COFFEE HOUSE,465,CitiBank credit 4456,Yes,FOOD & DRINKS,,
01-01-17,08:05 AM,BEEF,200,CASH Spends,Yes,GROCERIES,,
01-01-17,02:26 PM,DRINKS,75,CASH Spends,Yes,GROCERIES,,
02-01-17,02:00 PM,KOTTARAM,158.36,CitiBank credit 4456,Yes,FOOD & DRINKS,,
02-01-17,10:15 PM,SAVOURY SEASHELL RES,460.76,CitiBank credit 4456,Yes,FOOD & DRINKS,,
03-01-17,12:00 PM,DINNER,254,CASH Spends,Yes,FOOD & DRINKS,,
03-01-17,12:00 PM,BREAKFAST,30,CASH Spends,Yes,FOOD & DRINKS,,
03-01-17,12:00 PM,LUNCH,70,CASH Spends,Yes,FOOD & DRINKS,,
04-01-17,02:18 PM,KOTTARAM,95,CitiBank credit 4456,Yes,FOOD & DRINKS,,
06-01-17,01:39 PM,GLOBAL GRILL,"2,830",HDFC credit 2721,No,FOOD & DRINKS,,
06-01-17,09:29 PM,THE ARAB STATION,150,HDFC credit 2721,Yes,FOOD & DRINKS,,
06-01-17,09:38 PM,THE ARAB STATION,80,HDFC credit 2721,No,FOOD & DRINKS,,
07-01-17,01:06 PM,KUTTANAD RESTAURANT,140.5,HDFC credit 2721,Yes,FOOD & DRINKS,,
07-01-17,04:54 PM,AJANABI,408,HDFC credit 2721,Yes,GROCERIES,,
08-01-17,02:53 PM,ELITE SUPERMARKET,584,HDFC credit 2721,Yes,GROCERIES,,
09-01-17,10:59 AM,TOLL,95,CASH Spends,Yes,TRAVEL,,
09-01-17,11:00 AM,BREAKFAST,94,CASH Spends,Yes,FOOD & DRINKS,,
09-01-17,01:19 PM,MOTHER HOSPITAL P LTD.,"1,505",CitiBank credit 4456,Yes,HEALTH,,
09-01-17,02:01 PM,MOTHER HOSPITAL P LTD.,"2,325",HDFC credit 2721,Yes,HEALTH,,
09-01-17,03:13 PM,SREE RADHAKRISHNA,430,HDFC credit 2721,Yes,FOOD & DRINKS,,
10-01-17,06:07 PM,PHYSICAN,150,CASH Spends,Yes,HEALTH,,
10-01-17,07:05 PM,OMEGA SUPER MARKET,863,HDFC credit 2721,Yes,GROCERIES,,
11-01-17,12:00 PM,VEGIES,110,CASH Spends,Yes,GROCERIES,,
11-01-17,12:00 PM,HORLICKS,475,CASH Spends,Yes,GROCERIES,,
12-01-17,02:10 PM,HOTEL RUKMINI A UNIT,560,HDFC credit 2721,Yes,FOOD & DRINKS,,
13-01-17,07:42 PM,ELITE SUPERMARKET,"1,088",HDFC credit 2721,Yes,GROCERIES,,
14-01-17,12:00 PM,OP FEE,150,CASH Spends,Yes,HEALTH,,
14-01-17,03:33 PM,PRIYA'S HOMEO CLINIC,200,HDFC credit 2721,Yes,FUEL,,
15-01-17,08:48 PM,VEGIES,138,CASH Spends,Yes,GROCERIES,,
15-01-17,09:14 PM,VEG,38,CASH Spends,Yes,GROCERIES,,
15-01-17,09:32 PM,MAID 2,200,CASH Spends,Yes,BILLS,,
16-01-17,12:00 PM,FOOD,500,CASH Spends,Yes,FOOD & DRINKS,,
17-01-17,11:55 PM,MAID 2,100,CASH Spends,Yes,BILLS,,
18-01-17,07:34 PM,ELITE SUPERMARKET,733,HDFC credit 2721,Yes,GROCERIES,,
20-01-17,01:38 PM,AMAZON,"3,000",HDFC credit 2721,Yes,SHOPPING,#Online,
21-01-17,04:34 PM,BAI,400,CASH Spends,Yes,BILLS,,
22-01-17,10:04 AM,ELITE SUPERMARKET,973,CitiBank credit 4456,Yes,GROCERIES,,
22-01-17,10:47 AM,PRIYAS,"2,399.94",CitiBank credit 4456,Yes,FUEL,,
22-01-17,10:49 AM,BREAKFAST,130,CASH Spends,Yes,FOOD & DRINKS,,
23-01-17,09:17 AM,NET BANKING,"5,000",HDFC  5463,No,UNKNOWN,,TPT
23-01-17,09:44 PM,BSNL,"1,364",CitiBank credit 4456,Yes,BILLS,,
24-01-17,11:03 AM,IRCTC,535,CitiBank credit 4456,No,TRAVEL,#Online,
25-01-17,01:45 PM,FREECHARGE,32.52,CitiBank credit 4456,Yes,ENTERTAINMENT,#Online,
25-01-17,07:06 PM,FREECHARGE,349,CitiBank credit 4456,Yes,MOBILE BILLS,#Online,
25-01-17,09:08 PM,FISH AMS VEG,120,CASH Spends,Yes,GROCERIES,,
25-01-17,09:08 PM,TEA,131,CASH Spends,Yes,FOOD & DRINKS,,
26-01-17,01:07 AM,RIL,51,CitiBank credit 4456,Yes,MOBILE BILLS,#Online,
26-01-17,11:10 PM,SNACKS,210,CASH Spends,Yes,ENTERTAINMENT,,
27-01-17,04:17 PM,RELIANCE DIGITAL,51,CitiBank credit 4456,Yes,ENTERTAINMENT,,
27-01-17,04:17 PM,WWW.JIO.COM,51,JioMoney  Unknown,Yes,MOBILE BILLS,,201003803443
28-01-17,11:27 PM,VEGIES,68,CASH Spends,Yes,GROCERIES,,
29-01-17,07:11 PM,TOLL,90,CASH Spends,Yes,TRAVEL,,
29-01-17,07:12 PM,SNACKS,214,CASH Spends,Yes,GROCERIES,,
30-01-17,08:20 AM,LITTLE FLOWER HOSPIT,810,CitiBank credit 4456,Yes,HEALTH,,
30-01-17,10:28 AM,LITTLE FLOWER HOSPIT,"2,000",CitiBank credit 4456,Yes,HEALTH,,Insurance
30-01-17,12:00 PM,STEEL PAATHRAM,160,CASH Spends,Yes,GROCERIES,,
30-01-17,12:59 PM,MEDICINE,115,CASH Spends,Yes,HEALTH,,
30-01-17,12:59 PM,MEDICINE LF,270,CASH Spends,Yes,HEALTH,,
30-01-17,01:00 PM,BREAKFAST,100,CASH Spends,Yes,FOOD & DRINKS,,
30-01-17,01:44 PM,HOTEL RUKMINI,280,CitiBank credit 4456,Yes,FOOD & DRINKS,,
30-01-17,02:47 PM,LITTLE FLOWER HOSPIT,960,CitiBank credit 4456,Yes,HEALTH,,
31-01-17,12:00 PM,EB,666,CASH Spends,Yes,BILLS,,
31-01-17,12:00 PM,MAINTENANCE,"2,227",CASH Spends,Yes,BILLS,,
31-01-17,12:00 PM,MILK,638,CASH Spends,Yes,BILLS,,
31-01-17,12:00 PM,BAI SALARY,600,CASH Spends,Yes,BILLS,,
31-01-17,12:00 PM,RENT,"10,000",CASH Spends,Yes,BILLS,,
31-01-17,04:58 PM,TEA,28,CASH Spends,Yes,FOOD & DRINKS,,
31-01-17,04:58 PM,TEA AND BREAKFAST,100,CASH Spends,Yes,FOOD & DRINKS,,
31-01-17,04:58 PM,LUNXH,140,CASH Spends,Yes,FOOD & DRINKS,,
01-02-17,06:44 AM,ATM,"2,500",CitiBank debit 8448,No,,,
01-02-17,07:29 AM,NET BANKING,"10,000",HDFC  5463,No,UNKNOWN,,TPT
01-02-17,07:39 AM,BREAKFAST,98,CASH Spends,Yes,FOOD & DRINKS,,
01-02-17,01:44 PM,RPSL,51,CitiBank credit 4456,Yes,ENTERTAINMENT,#Online,
01-02-17,01:45 PM,JIO CENTRE,51,JioMoney  Unknown,Yes,SHOPPING,,301003988110
01-02-17,06:37 PM,RPSL,102,CitiBank credit 4456,Yes,ENTERTAINMENT,#Online,
01-02-17,09:50 PM,HOTEL RUKMINI,400,CitiBank credit 4456,Yes,FOOD & DRINKS,,
01-02-17,11:10 PM,DINNER,43,CASH Spends,Yes,FOOD & DRINKS,,
01-02-17,11:10 PM,BREAKFAST,48,CASH Spends,Yes,FOOD & DRINKS,,
01-02-17,11:10 PM,LUNCH,98,CASH Spends,Yes,FOOD & DRINKS,,
02-02-17,12:00 PM,DINNER,50,CASH Spends,Yes,FOOD & DRINKS,,
02-02-17,12:00 PM,DINNER,130,CASH Spends,Yes,FOOD & DRINKS,,
02-02-17,12:00 PM,BREAKFAST,136,CASH Spends,Yes,FOOD & DRINKS,,
03-02-17,09:11 AM,BREAKFAST,126,CASH Spends,Yes,FOOD & DRINKS,,
03-02-17,12:00 PM,DINNEE,120,CASH Spends,Yes,FOOD & DRINKS,,
04-02-17,07:37 AM,BREAKFAST,118,CASH Spends,Yes,FOOD & DRINKS,,
04-02-17,08:25 AM,NET BANKING,"10,000",HDFC  5463,No,UNKNOWN,,TPT
04-02-17,12:00 PM,VEG,126,CASH Spends,Yes,GROCERIES,,
04-02-17,01:27 PM,NET BANKING,"1,000",HDFC  5463,No,UNKNOWN,,TPT
04-02-17,01:29 PM,NET BANKING,"9,000",HDFC  5463,No,UNKNOWN,,TPT
04-02-17,05:02 PM,LITTLE FLOWER HOSPIT,"9,120",CitiBank credit 4456,Yes,HEALTH,,Insurance
04-02-17,05:19 PM,MEDS,210,CASH Spends,Yes,HEALTH,,
05-02-17,09:39 AM,GOOGLE *SERVICES,50,HDFC credit 2721,Yes,BILLS,#Online,
05-02-17,09:39 AM,GOOGLE *SERVICES,50,CitiBank credit 4456,Yes,BILLS,#Online,
05-02-17,09:54 AM,GOOGLE *SERVICES,-50,HDFC credit 2721,Yes,BILLS,#Online,
05-02-17,11:01 AM,IRCTC,"1,060",CitiBank credit 4456,No,TRAVEL,#Online,
05-02-17,07:30 PM,VEG,267,CASH Spends,Yes,GROCERIES,,
06-02-17,03:11 PM,JIO CENTRE,51,JioMoney  Unknown,Yes,SHOPPING,,201004267220
07-02-17,06:07 PM,PRIYAS,"2,162.78",HDFC credit 2721,Yes,FUEL,,
07-02-17,07:50 PM,TOLL,95,CASH Spends,Yes,TRAVEL,,
07-02-17,07:50 PM,DINNER,263,CASH Spends,Yes,FOOD & DRINKS,,
08-02-17,11:20 AM,THANGALAKSHMI JEWELLER,"12,959.2",HDFC credit 2721,Yes,SHOPPING,,
09-02-17,12:00 PM,DINNER,93,CASH Spends,Yes,FOOD & DRINKS,,
10-02-17,08:15 AM,BREAKFASTS,131,CASH Spends,Yes,FOOD & DRINKS,,
10-02-17,01:54 PM,LUNXH,170,CASH Spends,Yes,FOOD & DRINKS,,
10-02-17,10:21 PM,AMAZON,775,HDFC credit 2721,Yes,SHOPPING,#Online,
11-02-17,10:21 AM,BREAKFAST,82,CASH Spends,Yes,FOOD & DRINKS,,
11-02-17,12:36 PM,SREE RADHAKRISHNA PRASADA,390,HDFC credit 2721,Yes,FOOD & DRINKS,,
11-02-17,01:44 PM,KSEB,672.53,HDFC credit 2721,Yes,BILLS,#Online,
11-02-17,01:49 PM,NET BANKING,670.6,HDFC  5463,No,UNKNOWN,,an online payment
11-02-17,02:44 PM,JIO CENTRE,51,JioMoney  Unknown,Yes,SHOPPING,,301004433523
11-02-17,02:48 PM,RPSL,102,HDFC credit 2721,Yes,ENTERTAINMENT,#Online,
11-02-17,06:23 PM,KARTHIKA SUPERMARKET & BAKERY,719,HDFC credit 2721,Yes,SHOPPING,,
11-02-17,08:16 PM,PAID STANDARD CREDIT (1570),922.17,CitiBank debit 3018,No,BILLS,,
12-02-17,10:48 PM,LUNCH,135,CASH Spends,Yes,FOOD & DRINKS,,
12-02-17,10:48 PM,BREAKFAST,66,CASH Spends,Yes,FOOD & DRINKS,,
12-02-17,10:51 PM,TEA,98,CASH Spends,Yes,FOOD & DRINKS,,
13-02-17,01:49 PM,MOTHER HOSPITAL P LTD.,"4,095",HDFC credit 2721,Yes,HEALTH,,Chances that 15586 insurance cover will be ready soon.
14-02-17,08:12 AM,SPENT,275.43,StanC credit 1570,No,TRAVEL,,
14-02-17,09:38 AM,BR EAKFAST,180,CASH Spends,Yes,FOOD & DRINKS,,
14-02-17,11:21 AM,SPENT,229.4,StanC credit 1570,No,TRAVEL,,
14-02-17,12:33 PM,SPENT,177.2,StanC credit 1570,No,TRAVEL,,
14-02-17,07:33 PM,SPENT,86.8,StanC credit 1570,No,TRAVEL,,
14-02-17,09:03 PM,SPENT,188.54,StanC credit 1570,No,UNKNOWN,,
15-02-17,12:00 PM,DINNER,110,CASH Spends,Yes,FOOD & DRINKS,,
16-02-17,10:43 PM,SPENT,500,StanC credit 1570,No,UNKNOWN,,
18-02-17,02:24 PM,KUTTANAD RESTAURANT,140.5,HDFC credit 2721,Yes,FOOD & DRINKS,,
18-02-17,06:33 PM,SPENT,2,StanC credit 1570,No,UNKNOWN,,
18-02-17,10:10 PM,DINNEE,115,CASH Spends,Yes,FOOD & DRINKS,,
19-02-17,04:59 PM,TEA,10,CASH Spends,Yes,FOOD & DRINKS,,
19-02-17,04:59 PM,LUNCH,140,CASH Spends,Yes,FOOD & DRINKS,,
22-02-17,09:05 AM,NET BANKING,"20,000",HDFC  5463,No,UNKNOWN,,TPT
22-02-17,01:52 PM,KOTTARAM,175,CitiBank credit 4456,Yes,FOOD & DRINKS,,
23-02-17,10:30 AM,FOOD AND OTHER EXPENSES,600,CASH Spends,Yes,FOOD & DRINKS,,Settlement to Aneeah
24-02-17,05:42 PM,SPENT,92.87,StanC credit 1570,No,UNKNOWN,,
24-02-17,05:56 PM,SPENT,50,StanC credit 1570,No,UNKNOWN,,
25-02-17,11:56 AM,BOOKMYSHOW,104.5,HDFC credit 2721,Yes,ENTERTAINMENT,#Online,
25-02-17,03:59 PM,SRI ARAVINDER CO,250,CitiBank credit 4456,Yes,FUEL,,
25-02-17,05:18 PM,SPENT,106.83,StanC credit 1570,No,UNKNOWN,,
25-02-17,06:21 PM,SPENT,162.3,StanC credit 1570,No,UNKNOWN,,
26-02-17,01:00 PM,SNACKS,540,CASH Spends,Yes,GROCERIES,,
27-02-17,10:31 AM,BSNLPOST,"1,374",CitiBank credit 4456,Yes,BILLS,,
27-02-17,05:19 PM,CAR SERVICE CHARGE.,"1,858",HDFC  5463,Yes,BILLS,,0084073000004231@SIBL0000084.ifsc.npci. Car service charge
27-02-17,05:20 PM,BANK ACCOUNT - XXXXXXXXXXXX4231,"1,858",PhonePe  Unknown,No,UNKNOWN,,
27-02-17,10:02 PM,PETROL,500,CASH Spends,Yes,FUEL,,
28-02-17,09:42 AM,BIKE INSURANCE,"1,800",CASH Spends,Yes,BILLS,,
28-02-17,11:04 AM,IRCTC,449.11,CitiBank credit 4456,Yes,TRAVEL,#Online,
28-02-17,12:00 PM,MAINTENANCE,"2,000",CASH Spends,Yes,BILLS,,
28-02-17,12:00 PM,RENT,"10,000",CASH Spends,Yes,BILLS,,
28-02-17,06:33 PM,VEG,102,CASH Spends,Yes,GROCERIES,,
28-02-17,07:16 PM,ELITE,"1,543",StanC credit 1570,Yes,GROCERIES,,
28-02-17,07:27 PM,PETROL,"2,459.49",StanC credit 1570,Yes,FUEL,,
02-03-17,10:33 AM,VEG,12,CASH Spends,Yes,GROCERIES,,
02-03-17,10:33 AM,BRWAD,27,CASH Spends,Yes,GROCERIES,,
02-03-17,10:33 AM,VEG,76,CASH Spends,Yes,GROCERIES,,
02-03-17,11:03 AM,IRCTC,454.21,CitiBank credit 4456,No,TRAVEL,#Online,
02-03-17,11:10 AM,IRCTC,445,HDFC debit 3801,No,TRAVEL,#Online,
02-03-17,10:35 PM,NET BANKING,99,HDFC  5463,No,UNKNOWN,,an online payment
03-03-17,12:17 PM,NET BANKING,"20,000",HDFC  5463,No,UNKNOWN,,TPT
03-03-17,09:23 PM,VEGIES,82,CASH Spends,Yes,GROCERIES,,
04-03-17,10:16 AM,ELITE,"1,097",StanC credit 1570,Yes,GROCERIES,,
05-03-17,04:16 PM,MUTTON AND VEG,550,CASH Spends,Yes,GROCERIES,,
05-03-17,07:42 PM,VEG,40,CASH Spends,Yes,GROCERIES,,
07-03-17,12:00 PM,MEDCAL,"2,000",CASH Spends,Yes,HEALTH,,Insurance
08-03-17,07:13 PM,TEA,50,CASH Spends,Yes,FOOD & DRINKS,,
08-03-17,07:13 PM,BREAKFAST,40,CASH Spends,Yes,FOOD & DRINKS,,
08-03-17,07:13 PM,LUNCH,50,CASH Spends,Yes,FOOD & DRINKS,,
08-03-17,07:24 PM,JIO CENTRE,99,JioMoney  Unknown,Yes,SHOPPING,,301006543846
09-03-17,07:00 PM,SNACKS,50,CASH Spends,Yes,FOOD & DRINKS,,
10-03-17,03:13 PM,RAJAGIRI HOSPITAL,"6,023",HDFC credit 2721,Yes,HEALTH,,Insurance
11-03-17,03:56 PM,AMAZON,"11,317",HDFC credit 2721,Yes,SHOPPING,#Online,
11-03-17,09:57 PM,KG HOSPITAL,499,CASH Spends,Yes,HEALTH,,
11-03-17,09:58 PM,VEGIES,84,CASH Spends,Yes,GROCERIES,,
13-03-17,11:52 AM,VEGIES,79,CASH Spends,Yes,GROCERIES,,
13-03-17,11:53 AM,VEG,10,CASH Spends,Yes,GROCERIES,,
13-03-17,10:04 PM,MAID ADVANCE,500,CASH Spends,Yes,BILLS,,
13-03-17,10:56 PM,TRAVANCORE FOODS INDIA,847,HDFC credit 2721,Yes,FOOD & DRINKS,,
14-03-17,05:25 PM,NET BANKING,"15,000",HDFC  5463,No,UNKNOWN,,TPT
16-03-17,10:54 AM,NET BANKING,"15,000",HDFC  5463,No,UNKNOWN,,TPT
16-03-17,05:16 PM,AMAZON,"1,249",HDFC credit 2721,No,SHOPPING,#Online,
17-03-17,10:56 AM,VEGIES,164,CASH Spends,Yes,GROCERIES,,
18-03-17,09:17 AM,AMAZON,"-1,225",HDFC credit 2721,Yes,SHOPPING,#Online,
18-03-17,10:01 PM,BOOKMYSHOW,372,HDFC credit 2721,Yes,ENTERTAINMENT,#Online,
19-03-17,10:49 AM,ELITE SUPERMARKET,"1,187",HDFC credit 2721,Yes,GROCERIES,,
19-03-17,03:31 PM,SNACKS,190,CASH Spends,Yes,ENTERTAINMENT,,
20-03-17,08:10 AM,SPENT,300,StanC credit 1570,No,UNKNOWN,,
20-03-17,09:49 AM,SPENT,260.39,StanC credit 1570,No,UNKNOWN,,
22-03-17,09:42 PM,SPENT,200.02,StanC credit 1570,No,UNKNOWN,,
23-03-17,08:12 AM,OLIVE SERVICED APARTMENTS,842,CitiBank credit 4456,Yes,TRAVEL,,
23-03-17,09:11 AM,SRI KRISHNA SWEETS,508,CitiBank credit 4456,Yes,FOOD & DRINKS,,
23-03-17,01:18 PM,CHENNAI FOOD EXPENSES,"1,000",HDFC  5463,Yes,FOOD & DRINKS,,03671130006464@HDFC0000367.ifsc.npci
23-03-17,04:02 PM,SPENT,300,StanC credit 1570,No,UNKNOWN,,
25-03-17,01:52 PM,RELIANCE DIGITAL,317.52,CitiBank credit 4456,Yes,ENTERTAINMENT,,
25-03-17,01:53 PM,BOOKMYSHOW,320.52,JioMoney  Unknown,Yes,ENTERTAINMENT,#Online,601000924636
26-03-17,03:48 PM,SNACLS,250,CASH Spends,Yes,ENTERTAINMENT,,
26-03-17,05:32 PM,JOLLY SILKS,939,CitiBank credit 4456,Yes,SHOPPING,,
26-03-17,06:13 PM,ELITE SUPERMARKET,"1,687",CitiBank credit 4456,Yes,GROCERIES,,
27-03-17,12:43 PM,RAJAGIRI HEALTHCARE,510.3,CitiBank credit 4456,Yes,FUEL,,
27-03-17,09:27 PM,DOC CONSULTANT FEE,250,CASH Spends,Yes,HEALTH,,
27-03-17,09:27 PM,FOOD,270,CASH Spends,Yes,FOOD & DRINKS,,
28-03-17,09:10 AM,BSNLPOST,"1,354",CitiBank credit 4456,Yes,BILLS,,
28-03-17,09:54 AM,HP PETROL PUMP - M.G.FUEL POINT,"1,000",CitiBank credit 4456,Yes,FUEL,,
28-03-17,01:56 PM,RELIANCE DIGITAL,49,CitiBank credit 4456,Yes,ENTERTAINMENT,,
28-03-17,01:56 PM,WWW.JIO.COM,149,JioMoney  Unknown,No,OFFER BENEFITS,,301001419038
29-03-17,01:18 PM,UPI FUNDS TRANSFER,"1,000",HDFC  5463,No,UNKNOWN,,33336315165@SBIN0008666.ifsc.npci
29-03-17,05:49 PM,BRD CAR WORLD,"1,501",DBS debit 7501,Yes,SHOPPING,,
30-03-17,09:15 PM,SPORTS,200,CASH Spends,Yes,HEALTH,,
30-03-17,09:15 PM,MAID SALARY,"1,000",CASH Spends,Yes,BILLS,,
30-03-17,10:11 PM,DINNER,105,CASH Spends,Yes,FOOD & DRINKS,,
31-03-17,08:41 AM,RAJAGIRI HOSPITAL,"1,250",CitiBank credit 4456,Yes,HEALTH,,
31-03-17,10:34 AM,RAJAGIRI HOSPITAL,600,CitiBank credit 4456,Yes,HEALTH,,
31-03-17,12:00 PM,MAINTENANCE  AND GAS,"2,410",CASH Spends,Yes,BILLS,,
31-03-17,12:00 PM,MEDS,84,CASH Spends,Yes,HEALTH,,
31-03-17,10:27 PM,PHYSICIAN,200,CASH Spends,Yes,HEALTH,,
31-03-17,10:35 PM,RENT,"10,000",CASH Spends,Yes,BILLS,,
01-04-17,10:34 PM,GROCERY,52,CASH Spends,Yes,GROCERIES,,
02-04-17,08:35 AM,SPENT,"1,849.77",StanC credit 1570,Yes,FUEL,,
02-04-17,12:48 PM,FOOD,175,CASH Spends,Yes,FOOD & DRINKS,,
03-04-17,10:13 PM,TRIP,"1,700",CASH Spends,Yes,TRAVEL,,
05-04-17,08:30 AM,NET BANKING,"25,000",HDFC  5463,No,UNKNOWN,,TPT
05-04-17,04:45 PM,JIO CENTRE,303,JioMoney  Unknown,Yes,SHOPPING,,301003061183
05-04-17,04:46 PM,SPENT,303,StanC credit 1570,Yes,MOBILE BILLS,,
05-04-17,08:13 PM,ELITE SUPER MARKET,"1,379",StanC credit 1570,Yes,GROCERIES,,
06-04-17,10:43 PM,VEGIES,47,CASH Spends,Yes,GROCERIES,,
08-04-17,07:39 PM,POONOLIL SILKS AND FABRICS,"3,580",HDFC credit 2721,Yes,SHOPPING,,
09-04-17,06:08 PM,BHARAT PETROLEUM,"2,299.06",HDFC credit 2721,Yes,FUEL,,
10-04-17,07:49 PM,ELITE SUPER MARKET,568,HDFC credit 2721,Yes,GROCERIES,,
11-04-17,07:35 PM,VEGIES,90,CASH Spends,Yes,GROCERIES,,
12-04-17,12:00 PM,VEGIES,250,CASH Spends,Yes,GROCERIES,,
13-04-17,06:04 PM,ELITE SUPERMARKET,"1,081",HDFC credit 2721,Yes,GROCERIES,,
15-04-17,12:43 PM,PAID STANDARD CREDIT (1570),"6,796.78",CitiBank debit 3018,No,BILLS,,
15-04-17,10:11 PM,MAKEMYTRIP,"84,261",CitiBank credit 4456,No,TRAVEL,#Online,
16-04-17,06:33 PM,GROCERY,49,CASH Spends,Yes,GROCERIES,,
17-04-17,10:04 PM,GROCERY,92,CASH Spends,Yes,GROCERIES,,
18-04-17,06:47 PM,ELITE SUPERMARKET,"1,015",HDFC credit 2721,Yes,GROCERIES,,
21-04-17,02:14 PM,SUN DIRECT TV,"1,050",CitiBank credit 4456,Yes,ENTERTAINMENT,,
22-04-17,04:30 PM,FOOD,150,CASH Spends,Yes,FOOD & DRINKS,,
22-04-17,04:31 PM,DRESS,450,CASH Spends,Yes,SHOPPING,,
22-04-17,04:32 PM,SNACKS,30,CASH Spends,Yes,ENTERTAINMENT,,
22-04-17,04:36 PM,INSURANCE,40,CASH Spends,Yes,HEALTH,,
22-04-17,04:38 PM,TOLL,65,CASH Spends,Yes,TRAVEL,,
25-04-17,09:06 AM,TOLL,65,CASH Spends,Yes,TRAVEL,,
25-04-17,09:06 AM,GROCERY,48,CASH Spends,Yes,GROCERIES,,
25-04-17,06:47 PM,ELITE SUPERMARKET,"1,551",CitiBank credit 4456,Yes,GROCERIES,,
26-04-17,10:53 AM,AMAZON,"1,500",CitiBank credit 4456,Yes,SHOPPING,#Online,"Gift to Paul, Jimmy and Aneesh has to pay 3000.00"
26-04-17,09:46 PM,BOOKMYSHOW,180.52,HDFC credit 2721,Yes,ENTERTAINMENT,#Online,
27-04-17,09:14 AM,BSNLPOST,"1,364",CitiBank credit 4456,Yes,BILLS,#Online,
27-04-17,04:01 PM,SNACK,230,CASH Spends,Yes,ENTERTAINMENT,,
27-04-17,04:02 PM,LUNCH,140,CASH Spends,Yes,FOOD & DRINKS,,
27-04-17,06:58 PM,FOOD,240,CASH Spends,Yes,FOOD & DRINKS,,
28-04-17,02:00 PM,SPENT,671.6,StanC credit 1570,Yes,BILLS,,Haridas.in renewal
29-04-17,05:04 PM,MAID,"1,000",CASH Spends,Yes,BILLS,,
30-04-17,10:26 AM,RENT,"10,000",CASH Spends,Yes,BILLS,,
30-04-17,12:50 PM,SPENT,"1,099",StanC credit 1570,Yes,SHOPPING,,
30-04-17,03:24 PM,SPENT,"2,352.67",StanC credit 1570,Yes,FUEL,,
30-04-17,09:23 PM,MILK,638,CASH Spends,Yes,BILLS,,
30-04-17,09:44 PM,MAINTENANCE,"2,429",CASH Spends,Yes,BILLS,,
02-05-17,06:44 PM,SPENT,"1,675",StanC credit 1570,Yes,GROCERIES,,
04-05-17,12:09 PM,NET BANKING,"10,000",HDFC  5463,No,UNKNOWN,,TPT
06-05-17,02:49 PM,LUNCH,80,CASH Spends,Yes,FOOD & DRINKS,,
06-05-17,09:48 PM,TRAVANCORE FOODS INDIA,529,HDFC credit 2721,Yes,FOOD & DRINKS,,
07-05-17,11:37 AM,ELITE SUPER MARKET,586,HDFC credit 2721,Yes,GROCERIES,,
07-05-17,12:15 PM,FISH,250,CASH Spends,Yes,GROCERIES,,
08-05-17,11:53 AM,BREASD,25,CASH Spends,Yes,GROCERIES,,
08-05-17,07:02 PM,ELITE SUPER MARKET,753.86,HDFC credit 2721,Yes,GROCERIES,,
11-05-17,01:01 PM,BREAKFAST,96,CASH Spends,Yes,FOOD & DRINKS,,
11-05-17,01:02 PM,SCAN,600,CASH Spends,Yes,HEALTH,,
11-05-17,01:02 PM,MEDS,535,CASH Spends,Yes,HEALTH,,
12-05-17,08:25 AM,MAID SETTLEMENT,250,CASH Spends,Yes,BILLS,,
12-05-17,08:26 AM,ANNAA MAID,250,CASH Spends,Yes,BILLS,,
12-05-17,08:28 AM,LUNCH,276,CASH Spends,Yes,FOOD & DRINKS,,
12-05-17,08:29 AM,MILK,22,CASH Spends,Yes,GROCERIES,,
13-05-17,10:50 AM,BRD CAR WORLD LTD,"8,725",HDFC credit 2721,Yes,TRAVEL,,Insurance
13-05-17,12:01 PM,VEG AND XHICKEN,395,CASH Spends,Yes,GROCERIES,,
14-05-17,09:48 AM,AMAZON,"5,135.4",CitiBank credit 4456,Yes,SHOPPING,#Online,
14-05-17,11:37 AM,MAID,150,CASH Spends,Yes,BILLS,,
14-05-17,01:05 PM,SUNNY SILKS2,"1,514",HDFC credit 2721,Yes,SHOPPING,,
15-05-17,05:15 PM,ATM,"2,000",DBS debit 7501,No,,,
15-05-17,05:59 PM,AMAZON,387,HDFC credit 2721,No,SHOPPING,#Online,
16-05-17,06:23 PM,PRIYAS,"1,956.24",HDFC credit 2721,Yes,FUEL,,
16-05-17,07:11 PM,ELITE SUPERMARKET,"1,251",HDFC credit 2721,Yes,GROCERIES,,
17-05-17,10:35 AM,PAID STANDARD CREDIT (1570),"3,533.59",CitiBank debit 3018,No,BILLS,,
19-05-17,08:48 AM,GROCERY,22,CASH Spends,Yes,GROCERIES,,
19-05-17,08:48 AM,MAID,100,CASH Spends,Yes,BILLS,,
19-05-17,05:58 PM,BOOKMYSHOW,327.12,HDFC credit 2721,Yes,ENTERTAINMENT,#Online,
19-05-17,08:06 PM,MAID,100,CASH Spends,Yes,BILLS,,
19-05-17,09:26 PM,AMAZON,544,HDFC credit 2721,Yes,SHOPPING,#Online,
20-05-17,08:06 PM,SNACKS,350,CASH Spends,Yes,ENTERTAINMENT,,
20-05-17,08:06 PM,SHUTTLE REPIRE,120,CASH Spends,Yes,HEALTH,,
20-05-17,11:04 PM,SNACKS,65,CASH Spends,Yes,FOOD & DRINKS,,
21-05-17,03:15 PM,HOTEL ARYAS,375,CitiBank credit 4456,Yes,FOOD & DRINKS,,
21-05-17,03:32 PM,ELITE SUPERMARKET,473,CitiBank credit 4456,Yes,GROCERIES,,
21-05-17,10:02 PM,BAI,250,CASH Spends,Yes,BILLS,,
22-05-17,11:27 AM,SPENT,233.53,StanC credit 1570,Yes,TRAVEL,,
23-05-17,09:55 AM,NET BANKING,"25,000",HDFC  5463,No,UNKNOWN,,TPT
24-05-17,02:49 PM,OLAM INFORMATION SERVICES LTD,"1,835",CitiBank credit 4456,Yes,FOOD & DRINKS,,
24-05-17,05:59 PM,FOOD,115,CASH Spends,Yes,FOOD & DRINKS,,
25-05-17,06:20 PM,GOIBIBO,"1,275.4",CitiBank credit 4456,Yes,TRAVEL,#Online,
25-05-17,10:08 PM,FOOD,145,CASH Spends,Yes,FOOD & DRINKS,,
26-05-17,08:23 AM,SPENT,169.4,StanC credit 1570,Yes,TRAVEL,,
26-05-17,09:13 AM,NET BANKING,100,HDFC  5463,No,UNKNOWN,,an online payment
26-05-17,03:15 PM,GREEN APPLE INN,960,CitiBank credit 4456,Yes,TRAVEL,,
26-05-17,03:31 PM,MAKEMYTRIP,"12,002",CitiBank credit 4456,Yes,TRAVEL,#Online,
26-05-17,03:38 PM,SPENT,147.42,StanC credit 1570,No,UNKNOWN,,
26-05-17,03:59 PM,HOSPITAL ADVANCE,"20,000",CASH Spends,Yes,HEALTH,,For babies and neethu
26-05-17,08:48 PM,SPENT,196.33,StanC credit 1570,No,UNKNOWN,,
26-05-17,10:15 PM,ATM,"10,000",CitiBank debit 8448,No,,,
26-05-17,10:16 PM,ATM,"1,000",CitiBank debit 8448,No,,,
27-05-17,11:53 AM,NET BANKING,"1,374",HDFC  5463,Yes,BILLS,,an online payment
27-05-17,02:27 PM,FOOD,40,CASH Spends,Yes,FOOD & DRINKS,,
27-05-17,02:27 PM,TAVEL UBER 310,310,CASH Spends,No,UNKNOWN,,
27-05-17,02:27 PM,CAP SOCKS,200,CASH Spends,Yes,ENTERTAINMENT,,
27-05-17,04:05 PM,THE VILLAGE,572,CitiBank credit 4456,Yes,FOOD & DRINKS,,
28-05-17,03:57 PM,FOOD,130,CASH Spends,Yes,FOOD & DRINKS,,
28-05-17,03:57 PM,TIN,150,CASH Spends,Yes,HEALTH,,
29-05-17,11:09 AM,INSURANCE,"4,357",CASH Spends,Yes,HEALTH,,After cleaeing insurance
29-05-17,12:02 PM,SPENT,"30,000",StanC credit 1570,Yes,HEALTH,,Insurance
29-05-17,12:05 PM,SPENT,"30,000",StanC credit 1570,Yes,HEALTH,,Insurance
31-05-17,10:05 AM,RENT,"10,500",CASH Spends,Yes,BILLS,,
31-05-17,12:43 PM,MAINTENANCE,"2,000",CASH Spends,Yes,BILLS,,
31-05-17,10:15 PM,AMAZON,"8,044",CitiBank credit 4456,Yes,SHOPPING,#Online,
01-06-17,10:04 AM,SPENT,"25,000",StanC credit 1570,Yes,HEALTH,,Insurance
01-06-17,12:19 PM,SPENT,353,StanC credit 1570,Yes,MOBILE BILLS,,
01-06-17,01:45 PM,UTILITIES,217,CASH Spends,Yes,HEALTH,,
01-06-17,03:59 PM,BILL ADVANCE,"25,000",CASH Spends,Yes,HEALTH,,Neethu and got insurance
01-06-17,05:44 PM,RAJAGIRI HOSPITAL,"72,846",CitiBank credit 4456,Yes,HEALTH,,"From Insurance, calculate the insurance outside wallnut."
02-06-17,08:07 AM,VODAFONE,353,CitiBank debit 3018,Yes,MOBILE BILLS,#Online,
02-06-17,08:14 AM,IDEA PAYMENT,50,CitiBank credit 4456,Yes,SHOPPING,#Online,
02-06-17,03:44 PM,MILK BOTTLE,300,CASH Spends,Yes,HEALTH,,
03-06-17,07:52 PM,SAIRA GIFT CROCKER,"3,600",CitiBank credit 4456,Yes,HEALTH,,
04-06-17,08:26 PM,FOR BABY,655,CASH Spends,Yes,HEALTH,,
04-06-17,10:01 PM,KSEB1 TR,342.74,CitiBank debit 3018,Yes,BILLS,,
05-06-17,08:56 AM,NET BANKING,"10,000",HDFC  5463,No,UNKNOWN,,TPT
05-06-17,10:57 PM,AMAZON,378,CitiBank credit 4456,Yes,SHOPPING,#Online,
06-06-17,04:49 PM, DONATION,100,CASH Spends,Yes,BILLS,,
06-06-17,04:50 PM,TEA,102,CASH Spends,Yes,FOOD & DRINKS,,
06-06-17,04:50 PM,SNACKS,145,CASH Spends,Yes,GROCERIES,,
07-06-17,06:27 PM,SNACKS,56,CASH Spends,Yes,FOOD & DRINKS,,
08-06-17,02:42 PM,GROCERY,"2,000",CASH Spends,Yes,GROCERIES,,
09-06-17,04:20 PM,MEDICAL,"25,000",CASH Spends,Yes,HEALTH,,
09-06-17,04:20 PM,MEDICAL ADVANCE,"25,000",CASH Spends,Yes,HEALTH,,Neethu
10-06-17,09:51 AM,APSARA HOTEL,195,CitiBank credit 4456,Yes,FOOD & DRINKS,,
10-06-17,11:50 AM,PRIYAS,"2,025.55",HDFC credit 2721,Yes,FUEL,,
10-06-17,01:50 PM,ELITE SUPERMARKET,861,HDFC credit 2721,Yes,GROCERIES,,
11-06-17,01:22 PM,SAIRA GIFT CROCKERY,385,HDFC credit 2721,Yes,HEALTH,,
12-06-17,09:05 PM,SUN DIRECT TV,550,CitiBank credit 4456,Yes,ENTERTAINMENT,#Online,
13-06-17,04:25 PM,TARPOLI,"1,200",CASH Spends,Yes,SHOPPING,,
15-06-17,12:41 PM,PAID STANDARD CREDIT (1570),"6,243.63",CitiBank debit 3018,No,BILLS,,
17-06-17,09:02 PM,GROCERY,500,CASH Spends,Yes,GROCERIES,,
17-06-17,09:13 PM,ELITE SUPER MARKET,471,HDFC credit 2721,Yes,GROCERIES,,
17-06-17,09:23 PM,DINNER,72,CASH Spends,Yes,FOOD & DRINKS,,
17-06-17,09:23 PM,MEALS,70,CASH Spends,Yes,FOOD & DRINKS,,
20-06-17,02:26 PM,DINNER,112,CASH Spends,Yes,FOOD & DRINKS,,
20-06-17,10:00 PM,ITEMS,50,CASH Spends,Yes,FOOD & DRINKS,,
21-06-17,10:34 PM,HAIRCUT,60,CASH Spends,Yes,BILLS,,
21-06-17,10:34 PM,FOOD,72,CASH Spends,Yes,FOOD & DRINKS,,
21-06-17,10:35 PM,FRUITS,50,CASH Spends,Yes,GROCERIES,,
23-06-17,09:10 AM,NET BANKING,"50,000",HDFC  0999,No,UNKNOWN,,IB FUNDS TRANSFER DR-07171140005463
24-06-17,04:12 PM,RAJAGIRI HOSPITAL,"110,000",CitiBank credit 4456,Yes,HEALTH,,
24-06-17,04:25 PM,TEA,84,CASH Spends,Yes,FOOD & DRINKS,,
25-06-17,09:13 PM,CRYSTAL PALACE,683,CitiBank credit 4456,Yes,GROCERIES,,
26-06-17,04:37 PM,R NARAYANA,"2,220",CitiBank credit 4456,Yes,FUEL,,
29-06-17,06:18 PM,NET BANKING,"1,306",HDFC  5463,No,UNKNOWN,,an online payment
30-06-17,10:26 AM,RENT,"10,500",CASH Spends,Yes,BILLS,,
30-06-17,10:27 AM,MAINTENANCE,"2,000",CASH Spends,Yes,BILLS,,
30-06-17,11:26 AM,VODAFONE,353,CitiBank debit 3018,Yes,MOBILE BILLS,#Online,
30-06-17,11:41 AM,VODAFONE,10,CitiBank debit 3018,Yes,MOBILE BILLS,#Online,
30-06-17,11:43 AM,VODAFONE,353,CitiBank debit 3018,Yes,MOBILE BILLS,#Online,
30-06-17,11:47 AM,VODAFONE,10,CitiBank debit 3018,Yes,MOBILE BILLS,#Online,
02-07-17,12:12 PM,MAKEMYTRIP,"15,540",CitiBank credit 4456,No,TRAVEL,#Online,
03-07-17,12:13 AM,SPENT,"3,000",StanC credit 1570,Yes,SHOPPING,,
03-07-17,07:22 AM,NET BANKING,"1,000",SBI  XXXX,No,UNKNOWN,,Ref No IF12549772
03-07-17,08:41 PM,BREAKFAST,175,CASH Spends,Yes,FOOD & DRINKS,,
04-07-17,11:39 AM,DEBIT,"1,000",SBI  XXXX,No,UNKNOWN,,SI01263918
04-07-17,10:14 PM,VEGGIES,47,CASH Spends,Yes,GROCERIES,,
05-07-17,09:56 PM,SPENT,173,StanC credit 1570,Yes,HEALTH,,
07-07-17,01:36 PM,DINNER,250,CASH Spends,Yes,FOOD & DRINKS,,
07-07-17,01:37 PM,TEA,80,CASH Spends,Yes,ENTERTAINMENT,,
08-07-17,01:28 PM,GROCERY,94,CASH Spends,Yes,GROCERIES,,
08-07-17,01:28 PM,MEDICAL BILL ADVANCE,"25,000",CASH Spends,Yes,HEALTH,,Neethu
08-07-17,01:28 PM,TOLL,95,CASH Spends,Yes,TRAVEL,,
08-07-17,06:17 PM,NET BANKING,200,HDFC  5463,Yes,ENTERTAINMENT,,an online payment
08-07-17,06:30 PM,ELITE SUPER MARKET,380,HDFC credit 2721,Yes,GROCERIES,,
09-07-17,08:16 AM,BHARAT PETROLEUM,"2,245.59",HDFC credit 2721,Yes,FUEL,,
09-07-17,08:16 AM,BHARAT PETROLEUM,"2,245.59",HDFC credit 2721,Yes,FUEL,,
09-07-17,08:16 AM,BHARAT PETROLEUM,"-2,245.59",HDFC credit 2721,Yes,FUEL,,
10-07-17,12:22 PM,RAJAGIRI HOSPITAL,"25,000",HDFC credit 2721,Yes,HEALTH,,
10-07-17,01:13 PM,SHOPING,"2,775",CASH Spends,Yes,GROCERIES,,
10-07-17,01:14 PM,LUNCH,260,CASH Spends,Yes,FOOD & DRINKS,,
11-07-17,01:14 PM,TEA,16,CASH Spends,Yes,FOOD & DRINKS,,
11-07-17,09:57 PM,MEDICAL ADVANCE,"25,000",CASH Spends,Yes,HEALTH,,
12-07-17,10:03 PM,MEDICAL BILL,"25,000",CASH Spends,Yes,HEALTH,,
13-07-17,02:33 AM,AMAZON,"6,910.87",HDFC credit 2721,Yes,SHOPPING,#Online,
14-07-17,08:14 AM,DRESS WASH,700,CASH Spends,Yes,BILLS,,
15-07-17,01:34 PM,SRISHTI DESIGNER BOUTIQUE,"1,048",HDFC credit 2721,Yes,SHOPPING,,
15-07-17,01:35 PM,SRISHTI DESIGNER BOUTIQUE,290,HDFC credit 2721,Yes,SHOPPING,,
15-07-17,10:35 PM,LUNCH,230,CASH Spends,Yes,FOOD & DRINKS,,
16-07-17,07:07 AM,PAID STANDARD CREDIT (1570),"85,662.21",CitiBank debit 3018,No,BILLS,,
16-07-17,05:32 PM,FIRSTCRY.COM STORE PUNE AUNDH,"1,092.47",HDFC credit 2721,Yes,SHOPPING,,
18-07-17,12:46 AM,DINNER,405,CASH Spends,Yes,FOOD & DRINKS,,
18-07-17,02:39 PM,IRCTC,520.83,CitiBank credit 4456,Yes,TRAVEL,#Online,
18-07-17,02:52 PM,IRCTC,377.86,CitiBank credit 4456,Yes,TRAVEL,#Online,
18-07-17,07:28 PM,KADAVIL PETROLEUM AGENC,"2,210",HDFC credit 2721,Yes,FUEL,,
20-07-17,09:26 AM,ELITE SUPERMARKET,"2,604",HDFC credit 2721,Yes,GROCERIES,,
20-07-17,05:40 PM,GOOGLE *SERVICES,1,CitiBank credit 4456,Yes,BILLS,#Online,
21-07-17,12:36 AM,AMAZON,"6,885.17",HDFC credit 2721,Yes,SHOPPING,#Online,
22-07-17,01:52 PM,SHOPPING,690,CASH Spends,Yes,FOOD & DRINKS,,
22-07-17,04:27 PM,SUNNY SILKS,"1,830",HDFC credit 2721,Yes,SHOPPING,,
23-07-17,01:53 PM,LUNCH,230,CASH Spends,Yes,FOOD & DRINKS,,
23-07-17,02:43 PM,LUNCH,250,CASH Spends,Yes,FOOD & DRINKS,,
24-07-17,04:15 PM,BSNLPOST,"1,087",CitiBank credit 4456,Yes,BILLS,,
24-07-17,09:51 PM,MEFS,705,CASH Spends,Yes,HEALTH,,
26-07-17,06:19 PM,MAID,"6,000",CASH Spends,Yes,BILLS,,
27-07-17,08:35 AM,LUNH,140,CASH Spends,Yes,FOOD & DRINKS,,
27-07-17,04:53 PM,SUNNY SILKS,"6,739",CitiBank credit 4456,Yes,SHOPPING,,
28-07-17,07:05 PM,LUNCH,230,CASH Spends,Yes,FOOD & DRINKS,,
29-07-17,02:29 PM,SPENT,"45,000",StanC credit 1570,Yes,HEALTH,,
29-07-17,02:30 PM,MEDICAL BILL,"55,000",CASH Spends,Yes,HEALTH,,
29-07-17,02:30 PM,LUNCH,200,CASH Spends,Yes,FOOD & DRINKS,,
29-07-17,03:53 PM,SPENT,"2,160.45",StanC credit 1570,Yes,FUEL,,
29-07-17,04:56 PM,ATM,"10,000",HDFC debit 3801,No,,,SIB KARUKUTTY 2ND
29-07-17,05:23 PM,FURNITURE,"9,000",CASH Spends,Yes,FOOD & DRINKS,,
30-07-17,09:21 AM,GROCERY,102,CASH Spends,Yes,GROCERIES,,
30-07-17,09:23 AM,MEAT,400,CASH Spends,Yes,GROCERIES,,
30-07-17,10:24 PM,DINNER,170,CASH Spends,Yes,FOOD & DRINKS,,
31-07-17,12:01 PM,ELECTRICITY BILL,406,CASH Spends,Yes,BILLS,,
31-07-17,12:01 PM,MAINTENANCE,"2,584",CASH Spends,Yes,BILLS,,
31-07-17,01:32 PM,RENT,"10,500",CASH Spends,Yes,BILLS,,
31-07-17,10:22 PM,LUNCH,150,CASH Spends,Yes,FOOD & DRINKS,,
31-07-17,10:24 PM,SINNER,117,CASH Spends,Yes,FOOD & DRINKS,,
31-07-17,10:25 PM,GAA NOB,80,CASH Spends,Yes,BILLS,,
01-08-17,11:12 AM,SPENT,72.36,StanC credit 1570,Yes,MOBILE BILLS,,
01-08-17,11:54 AM,SPENT,65,StanC credit 1570,Yes,MOBILE BILLS,,
02-08-17,08:37 PM,VISABILLPAY,348,CitiBank credit 4456,Yes,MOBILE BILLS,,
02-08-17,08:43 PM,PAYTM MOBILE SOLUTIO,700,CitiBank credit 4456,Yes,BILLS,#Online,
04-08-17,11:57 AM,DEBIT,"1,000",SBI  XXXX,No,UNKNOWN,,SI01263918
05-08-17,11:49 AM,NET BANKING,"100,000",HDFC  0999,No,UNKNOWN,,IB FUNDS TRANSFER DR-07171140005463
05-08-17,11:56 AM,NET BANKING,"40,000",HDFC  5463,No,UNKNOWN,,an online payment
05-08-17,12:01 PM,SPENT,406.02,StanC credit 1570,No,BILLS,,
05-08-17,06:06 PM,BANK ACCOUNT - XXXXXXXXXXXX3821,"2,000",PhonePe  Unknown,No,UNKNOWN,,
05-08-17,06:06 PM,UPI FUNDS TRANSFER,"2,000",HDFC  5463,No,UNKNOWN,,0056073000003821@SIBL0000056.ifsc.npci
05-08-17,06:32 PM,HARIDASN@UPI,10,CitiBank  XXXX,No,UNKNOWN,,UPI Ref no. 721718001126
05-08-17,06:32 PM,HARIDASN@UPI,10,PhonePe  Unknown,No,UNKNOWN,,
05-08-17,06:40 PM,UPI FUNDS TRANSFER,10,HDFC  5463,No,UNKNOWN,,haridas.n@ybl
05-08-17,07:46 PM,SPENT,399,StanC credit 1570,Yes,MOBILE BILLS,,
05-08-17,09:00 PM,SPENT,348,StanC credit 1570,Yes,MOBILE BILLS,,
08-08-17,07:12 PM,ELITE SUPERMARKET,612,HDFC credit 2721,Yes,GROCERIES,,
11-08-17,02:06 PM,RILAXALL INDIA,"19,750",HDFC credit 2721,Yes,SHOPPING,,
11-08-17,06:19 PM,RAJAGIRI HOSPITAL,"43,418",HDFC credit 2721,Yes,HEALTH,,Discharge
12-08-17,09:35 AM,FIRSTCRY.COM STORE PUNE AUNDH,"3,091.8",HDFC credit 2721,Yes,SHOPPING,,
12-08-17,03:42 PM,PRIYAS,"2,459.8",HDFC credit 2721,Yes,FUEL,,
12-08-17,04:57 PM,ELITE SUPERMARKET,"2,716",HDFC credit 2721,Yes,GROCERIES,,
12-08-17,06:25 PM,SRISHTI DESIGNER BOUTIQUE,"5,049",HDFC credit 2721,Yes,SHOPPING,,
12-08-17,09:39 PM,AMAZON,"6,000",HDFC credit 2721,Yes,SHOPPING,#Online,
16-08-17,10:18 PM,PRIYAS ADHOC DEALER IOC,"2,029.83",HDFC credit 2721,Yes,FUEL,,
17-08-17,01:50 PM,SHREE DEVI TEXTILE SHOWROOM,"39,899",CitiBank credit 4456,No,SHOPPING,,
18-08-17,10:05 AM,PAID STANDARD CREDIT (1570),"3,173",CitiBank debit 3018,No,BILLS,,
18-08-17,03:14 PM,MEDS,"1,434",CASH Spends,Yes,HEALTH,,
18-08-17,03:14 PM,TOLL,300,CASH Spends,Yes,TRAVEL,,
19-08-17,06:16 PM,NET BANKING,"10,000",HDFC  5463,No,UNKNOWN,,an online payment
20-08-17,09:56 AM,CAR MAINTENANCE,"6,500",CASH Spends,Yes,BILLS,,
20-08-17,09:57 AM,MUTTON,240,CASH Spends,Yes,FOOD & DRINKS,,
20-08-17,12:35 PM,VEGI,87,CASH Spends,Yes,GROCERIES,,
20-08-17,05:33 PM,PURCHASE,"2,435",CASH Spends,Yes,SHOPPING,,
20-08-17,07:20 PM,CLEARTRIP,"27,866",CitiBank credit 4456,Yes,TRAVEL,#Online,
24-08-17,05:14 AM,PRIYAS,"1,591.01",CitiBank credit 4456,Yes,FUEL,,
24-08-17,11:10 AM,NET BANKING,"1,563",HDFC  5463,No,UNKNOWN,,an online payment
24-08-17,06:26 PM,NET BANKING,30,HDFC  5463,No,UNKNOWN,,an online payment
28-08-17,04:27 PM,0056073000003821@SIBL0000056.IFSC.NPCI,"3,712",CitiBank  XXXX,No,UNKNOWN,,UPI Ref no. 724016020534
28-08-17,04:27 PM,BANK ACCOUNT - XXXXXXXXXXXX3821,"3,712",PhonePe  Unknown,No,UNKNOWN,,
28-08-17,09:14 PM,SPENT,"2,928.55",StanC credit 1570,Yes,GROCERIES,,
28-08-17,09:22 PM,ATM,"10,000",CitiBank debit 8448,No,,,
29-08-17,08:24 AM,PRIYAS,-11.93,CitiBank credit 4456,Yes,FUEL,,
31-08-17,03:14 PM,RENT,"10,500",CASH Spends,Yes,BILLS,,
31-08-17,09:31 PM,MAINTENANCE,"2,283",CASH Spends,Yes,BILLS,,
31-08-17,09:54 PM,SPENT,1,StanC credit 1570,Yes,BILLS,,
31-08-17,10:01 PM,FOOD,540,CASH Spends,Yes,GROCERIES,,
31-08-17,10:02 PM,PAPERS,336,CASH Spends,Yes,GROCERIES,,
01-09-17,08:10 PM,GROCERY,350,CASH Spends,Yes,GROCERIES,,
02-09-17,12:25 PM,NET BANKING,"10,000",HDFC  5463,No,BILLS,,TPT
02-09-17,03:13 PM,DOC FEE,250,CASH Spends,Yes,HEALTH,,
02-09-17,03:13 PM,MEDIXINE,"1,155",CASH Spends,Yes,HEALTH,,
02-09-17,03:13 PM,TAXI,432,CASH Spends,Yes,TRAVEL,,
02-09-17,08:38 PM,TAXI,440,CASH Spends,Yes,TRAVEL,,
02-09-17,08:38 PM,SPENT,"1,222.69",StanC credit 1570,Yes,SHOPPING,,Baby items
02-09-17,09:18 PM,SPENT,"4,673",StanC credit 1570,Yes,SHOPPING,,Amazon
03-09-17,11:31 AM,SPENT,"1,506",StanC credit 1570,Yes,GROCERIES,,
04-09-17,11:36 AM,DEBIT,"1,000",SBI  XXXX,No,UNKNOWN,,SI01263918
06-09-17,09:23 AM,ELITE SUPERMARKET,896,HDFC credit 2721,Yes,GROCERIES,,
08-09-17,12:27 PM,MEDIACL BILLS,835,CASH Spends,Yes,HEALTH,,
08-09-17,06:33 PM,ELITE SUPERMARKET,419,HDFC credit 2721,Yes,GROCERIES,,
09-09-17,07:55 AM,MEALS,250,CASH Spends,Yes,FOOD & DRINKS,,
09-09-17,12:26 PM,DOCTOR,150,CASH Spends,Yes,HEALTH,,
09-09-17,08:43 PM,IDEA STORE,77,CitiBank credit 4456,Yes,SHOPPING,,
10-09-17,07:54 AM,MEAT,660,CASH Spends,Yes,GROCERIES,,
11-09-17,11:07 AM,AMAZON,"1,188",HDFC credit 2721,Yes,SHOPPING,#Online,
12-09-17,01:01 PM,AMAZON,"8,998",HDFC credit 2721,Yes,SHOPPING,#Online,
12-09-17,01:24 PM,AMAZON,299,HDFC credit 2721,Yes,SHOPPING,#Online,
13-09-17,05:58 PM,ELITE SUPERMARKET,"2,675",HDFC credit 2721,Yes,GROCERIES,,
13-09-17,06:19 PM,STERLING STEEL PALACE,690,HDFC credit 2721,Yes,SHOPPING,,
13-09-17,06:24 PM,STERLING STEEL PALACE,450,HDFC credit 2721,Yes,SHOPPING,,
16-09-17,10:17 AM,PAID STANDARD CREDIT (1570),"48,460.12",CitiBank debit 3018,No,BILLS,,
17-09-17,11:59 AM,IRCTC,393.18,HDFC credit 2721,Yes,TRAVEL,#Online,
17-09-17,04:20 PM,MILK AND OTHER,80,CASH Spends,Yes,GROCERIES,,
17-09-17,04:20 PM,GROCERY,300,CASH Spends,Yes,GROCERIES,,
18-09-17,04:16 AM,TRAVEL,370,CASH Spends,Yes,TRAVEL,,
18-09-17,04:49 PM,RAJAGIRI HOSPITAL,"1,991.07",HDFC credit 2721,Yes,HEALTH,,
18-09-17,04:49 PM,MEDS VAXIN,560,CASH Spends,Yes,HEALTH,,
18-09-17,04:51 PM,TRAVEL,474,CASH Spends,Yes,TRAVEL,,
18-09-17,04:51 PM,FOOD,160,CASH Spends,Yes,GROCERIES,,
18-09-17,05:13 PM,MED BOTTLE,149,CASH Spends,Yes,HEALTH,,
20-09-17,10:38 AM,FILVINGEORGE@OKAXIS,532,CitiBank  XXXX,No,UNKNOWN,,UPI Ref no. 726310083637
20-09-17,10:39 AM,FILVINGEORGE@OKAXIS,532,CitiBank  XXXX,No,UNKNOWN,,UPI Ref no. 726310083649
21-09-17,01:01 PM,STF MEDICARE AND RES,"5,750",CitiBank credit 4456,Yes,HEALTH,,
21-09-17,02:07 PM,AMAZON,279,CitiBank credit 4456,Yes,SHOPPING,#Online,
21-09-17,04:46 PM,STF MEDICARE AND RES,"4,050",CitiBank credit 4456,Yes,HEALTH,,
21-09-17,07:16 PM,FLIPKART,999,CitiBank credit 4456,Yes,SHOPPING,#Online,
24-09-17,07:19 AM,ATM,"10,000",CitiBank debit 8448,No,,,
24-09-17,09:04 AM,MEAT,390,CASH Spends,Yes,GROCERIES,,
24-09-17,09:05 AM,VEG,115,CASH Spends,Yes,GROCERIES,,
24-09-17,07:53 PM,MYNTRA,"1,893.98",CitiBank credit 4456,Yes,SHOPPING,#Online,
25-09-17,11:18 AM,VIVEKK003@OKHDFCBANK,10.5,CitiBank  XXXX,No,UNKNOWN,,UPI Ref no. 726811228608
26-09-17,08:03 AM,NET BANKING,"1,339",HDFC  5463,No,UNKNOWN,,an online payment
27-09-17,02:55 PM,MAID SALARY,"3,000",CASH Spends,Yes,BILLS,,
30-09-17,11:29 AM,SPENT,"1,103",StanC credit 1570,Yes,GROCERIES,,
30-09-17,01:08 PM,SPENT,"1,363",StanC credit 1570,Yes,GROCERIES,,
30-09-17,10:26 PM,RENT,"10,500",CASH Spends,Yes,BILLS,,
02-10-17,06:49 AM,SPENT,"1,324.8",StanC credit 1570,Yes,FUEL,,
02-10-17,01:37 PM,TOLL,70,CASH Spends,Yes,TRAVEL,,
02-10-17,06:38 PM,JIO SIM,300,CASH Spends,Yes,MOBILE BILLS,,
02-10-17,06:39 PM,PETROL,200,CASH Spends,Yes,FUEL,,
03-10-17,06:48 AM,TAXI,420,CASH Spends,Yes,TRAVEL,,
03-10-17,06:36 PM,INDIAIDEAS@ICICI,498,CitiBank  XXXX,Yes,MOBILE BILLS,,UPI Ref no. 727518432986
05-10-17,04:16 PM,AMAZON,"6,300",CitiBank credit 4456,No,SHOPPING,#Online,
06-10-17,09:15 PM,HTTPS://IN,380,CitiBank credit 4456,Yes,ENTERTAINMENT,,
07-10-17,07:11 AM,AMAZON,686,CitiBank credit 4456,Yes,SHOPPING,#Online,
07-10-17,08:30 PM,MAX,"3,150",HDFC credit 2721,Yes,SHOPPING,,
08-10-17,01:45 PM,ANNAM VEG RESTAURANT,"1,030",HDFC credit 2721,No,FOOD & DRINKS,,
08-10-17,08:22 PM,PARKING,40,CASH Spends,Yes,TRAVEL,,
08-10-17,11:38 PM,MAAMU CAFE,257.24,HDFC credit 2721,Yes,FOOD & DRINKS,,
09-10-17,07:40 PM,HTTPS://IN,187.05,CitiBank credit 4456,Yes,ENTERTAINMENT,,
10-10-17,08:43 AM,NET BANKING,"10,000",HDFC  5463,No,UNKNOWN,,TPT
10-10-17,02:33 PM,SAVOURY SEA SHELL,264.8,HDFC credit 2721,Yes,FOOD & DRINKS,,
11-10-17,04:23 PM,ANEESHKNLR@OKAXIS,51.48,CitiBank  XXXX,No,UNKNOWN,,UPI Ref no. 728416748668
12-10-17,10:36 PM,SAVOURY SEA SHELL,257.3,HDFC credit 2721,Yes,FOOD & DRINKS,,
13-10-17,08:05 AM,ATM,"5,000",HDFC debit 3801,No,,,"+ANNA SALAI,KANDANCHAV"
13-10-17,09:15 AM,ASIA NET,"2,560",HDFC credit 2721,Yes,BILLS,#Online,
14-10-17,04:19 PM,RELIANCE INFOCOM,344,HDFC credit 2721,Yes,BILLS,#Online,
14-10-17,08:20 PM,ELITE SUPERMARKET,"1,466",HDFC credit 2721,Yes,GROCERIES,,
15-10-17,08:49 PM,ELITE SUPERMARKET,"1,202",HDFC credit 2721,Yes,GROCERIES,,
15-10-17,10:27 PM,KIDZON,510,HDFC credit 2721,Yes,SHOPPING,,
15-10-17,10:32 PM,GROCERY,"2,700",CASH Spends,Yes,GROCERIES,,Neethu
15-10-17,10:32 PM,HOSPITAL TRIP,"1,300",CASH Spends,Yes,HEALTH,,Neethu
15-10-17,10:33 PM,GROCERY,280,CASH Spends,Yes,GROCERIES,,Neethu
15-10-17,11:39 PM,FLIPKART,"1,629",HDFC credit 2721,Yes,SHOPPING,#Online,
16-10-17,12:14 AM,MIK,963,CASH Spends,Yes,BILLS,,
16-10-17,07:50 AM,PAID STANDARD CREDIT (1570),"10,330.24",CitiBank debit 3018,No,BILLS,,
16-10-17,08:42 AM,HDFCLIFE1187433,"7,545",HDFC credit 2721,Yes,BILLS,,
17-10-17,08:14 AM,MEDICINE,"1,672",CASH Spends,Yes,HEALTH,,
17-10-17,12:42 PM,ATM,"5,000",HDFC debit 3801,No,,,SIB RAJAGIRI ALUVA
18-10-17,08:11 AM,TAXI,800,CASH Spends,Yes,HEALTH,,
18-10-17,08:11 AM,TQXI,390,CASH Spends,Yes,HEALTH,,
18-10-17,08:12 AM,FOOD,270,CASH Spends,Yes,FOOD & DRINKS,,
18-10-17,08:12 AM,DOXTOR,200,CASH Spends,Yes,HEALTH,,
18-10-17,04:19 PM,GOOGLE *APPS,200,CitiBank credit 4456,Yes,BILLS,#Online,
19-10-17,08:54 AM,MEAT AND FISH,800,CASH Spends,Yes,GROCERIES,,
19-10-17,07:54 PM,TOMOTTO,39,CASH Spends,Yes,GROCERIES,,
21-10-17,12:54 PM,GROCERY,240,CASH Spends,Yes,GROCERIES,,
21-10-17,12:54 PM,REIMBURSEMENT,66,CASH Spends,Yes,BILLS,,
21-10-17,01:03 PM,MAID SALARY,"3,000",CASH Spends,Yes,BILLS,,
24-10-17,09:17 AM,ELITE SUPERMARKET,"1,145.6",CitiBank credit 4456,Yes,GROCERIES,,
25-10-17,03:28 PM,ATM,"7,000",HDFC debit 3801,No,,,SIB RAJAGIRI ALUVA
25-10-17,06:00 PM,MEDICAL,100,CASH Spends,Yes,HEALTH,,
26-10-17,06:00 PM,GROCERY,173,CASH Spends,Yes,GROCERIES,,
26-10-17,09:01 PM,AMAZON,499,CitiBank credit 4456,Yes,SHOPPING,#Online,
28-10-17,02:35 PM,ELITE SUPERMARKET,"1,779",CitiBank credit 4456,Yes,GROCERIES,,
28-10-17,10:35 PM,BSNLPOST,"1,339",CitiBank credit 4456,Yes,BILLS,,
29-10-17,03:42 PM,HP PETROL PUMP:SREE MURUGA FUELS,"1,350",CitiBank credit 4456,Yes,FUEL,,
22-11-17,07:26 PM,FOOD,140,CASH Spends,Yes,FOOD & DRINKS,,
22-11-17,07:26 PM,HROVERY,97,CASH Spends,Yes,GROCERIES,,
22-11-17,07:26 PM,FOOD,210,CASH Spends,Yes,FOOD & DRINKS,,
22-11-17,07:26 PM,SNQCKS,52,CASH Spends,Yes,GROCERIES,,
22-11-17,07:28 PM,SPEND MISSIG,"23,000",CASH Spends,Yes,BILLS,,Phone flasshed
23-11-17,02:34 PM,FOOD,170,CASH Spends,Yes,FOOD & DRINKS,,
23-11-17,04:51 PM,GROCERY,58,CASH Spends,Yes,GROCERIES,,
27-11-17,02:07 PM,ATM,"4,000",CitiBank debit 8448,No,,,
30-11-17,08:43 AM,RENT,"10,500",CASH Spends,Yes,BILLS,,
30-11-17,10:53 AM,EC BILL,906,CASH Spends,Yes,BILLS,,
30-11-17,10:53 AM,MAINTENANCE,"2,000",CASH Spends,Yes,BILLS,,
30-11-17,11:17 PM,VISABILLPAY,30,CitiBank credit 4456,Yes,MOBILE BILLS,,
01-12-17,11:26 PM,67373224203@SBIN0070120.IFSC.NPCI,"2,000",CitiBank  XXXX,No,UNKNOWN,,UPI Ref no. 733423564895
02-12-17,01:42 PM,BSNL,"1,367",CitiBank credit 4456,Yes,BILLS,,
04-12-17,09:25 AM,GROCERY,125,CASH Spends,Yes,GROCERIES,,
05-12-17,08:42 AM,GROCERY,179,CASH Spends,Yes,GROCERIES,,
05-12-17,08:42 AM,TOLL,70,CASH Spends,Yes,TRAVEL,,
05-12-17,04:08 PM,PAYUIND,"1,739",HDFC credit 2721,Yes,SHOPPING,#Online,
05-12-17,08:08 PM,ELITE SUPERMARKET,"2,643",HDFC credit 2721,Yes,GROCERIES,,
07-12-17,09:25 AM,TEA,100,CASH Spends,Yes,FOOD & DRINKS,,
08-12-17,05:27 AM,KSEB,915.06,HDFC credit 2721,Yes,BILLS,#Online,
08-12-17,06:03 AM,AMAZON,599,HDFC credit 2721,Yes,SHOPPING,#Online,
08-12-17,09:10 AM,TOLL,70,CASH Spends,Yes,TRAVEL,,
08-12-17,11:13 AM,PAYMENTS69801,300,HDFC credit 2721,Yes,BILLS,,Investment
08-12-17,11:13 AM,PAYMENTS69801,300,HDFC credit 2721,No,BILLS,,
11-12-17,06:02 PM,GROCERY,496,CASH Spends,Yes,GROCERIES,,
11-12-17,06:02 PM,TOLL,70,CASH Spends,Yes,TRAVEL,,
13-12-17,09:23 AM,ELITE SUPERMARKET,"3,146",HDFC credit 2721,Yes,GROCERIES,,
13-12-17,02:47 PM,AMAZON,"1,297",HDFC credit 2721,Yes,SHOPPING,#Online,
14-12-17,09:13 AM,AMAZON,426,HDFC credit 2721,Yes,SHOPPING,#Online,
15-12-17,10:03 PM,AMAZON,599,HDFC credit 2721,Yes,SHOPPING,#Online,
16-12-17,04:06 PM,PAID STANDARD CREDIT (1570),"1,688.09",CitiBank debit 3018,No,BILLS,,
16-12-17,04:07 PM,FEE AADHAT RENEW,25,CASH Spends,Yes,BILLS,,
17-12-17,12:24 PM,ATM,"4,000",HDFC debit 3801,No,,,"KARAYAMPARAMBU,KARUKUTT"
17-12-17,01:13 PM,MEAT + VEG,350,CASH Spends,Yes,GROCERIES,,
17-12-17,01:15 PM,HAR CUT,60,CASH Spends,Yes,BILLS,,
18-12-17,02:51 PM,VARGHESE & COMPANY,"2,346.81",HDFC credit 2721,Yes,FUEL,,
18-12-17,11:54 PM,AMAZON,990,HDFC credit 2721,No,SHOPPING,#Online,
19-12-17,08:25 AM,TEA,68,CASH Spends,Yes,FOOD & DRINKS,,
19-12-17,08:55 AM,ELITE SUPERMARKET,"1,158",HDFC credit 2721,Yes,GROCERIES,,
19-12-17,09:15 PM,XXXXXXXXXXX4044,"10,000",HDFC  5463,No,UNKNOWN,,IMPS Ref no 735321356194
20-12-17,08:01 AM,GROCERY,60,CASH Spends,Yes,GROCERIES,,
20-12-17,01:31 PM,AMAZON,327.75,CitiBank credit 4456,Yes,SHOPPING,#Online,
21-12-17,11:05 AM,IRCTC,"1,021.24",CitiBank credit 4456,No,TRAVEL,#Online,
21-12-17,11:14 AM,IRCTC,432,CitiBank credit 4456,Yes,TRAVEL,#Online,
21-12-17,04:58 PM,RELIANCEJIO,399,CitiBank credit 4456,Yes,BILLS,,
22-12-17,08:10 AM,MAID,"2,500",CASH Spends,Yes,BILLS,,
22-12-17,08:21 AM,BEST BUY,"34,689.75",CitiBank credit 4456,No,SHOPPING,,
22-12-17,08:42 AM,BEST BUY,"34,689.75",CitiBank credit 4456,No,SHOPPING,,
22-12-17,06:24 PM,MYNTRA,"1,410.39",CitiBank credit 4456,Yes,SHOPPING,#Online,
25-12-17,04:34 PM,MEAT,340,CASH Spends,Yes,GROCERIES,,
26-12-17,04:12 PM,AMAZON,"1,724",CitiBank credit 4456,Yes,SHOPPING,#Online,
26-12-17,06:31 PM,ELITE SUPERMARKET,"2,353",CitiBank credit 4456,Yes,GROCERIES,,
26-12-17,07:14 PM,MALABAR GOLD & DIAMONDS,"2,250",CitiBank credit 4456,Yes,SHOPPING,,
27-12-17,08:28 AM,IRCTC,"-1,021.24",CitiBank credit 4456,No,TRAVEL,#Online,
27-12-17,12:28 PM,ATM,"5,000",CitiBank debit 8448,No,,,
28-12-17,09:18 AM,NET BANKING,"25,000",HDFC  5463,No,UNKNOWN,,TPT
28-12-17,02:48 PM,SPENT,670.85,StanC credit 1570,Yes,SHOPPING,,
28-12-17,10:30 PM,MEDICAL,180,CASH Spends,Yes,HEALTH,,
28-12-17,10:38 PM,SPENT,"1,366",StanC credit 1570,Yes,BILLS,,
30-12-17,11:13 AM,MEAT AND GROCERY,244,CASH Spends,No,GROCERIES,,
31-12-17,12:36 PM,MAINTENANCE AND GAS,"3,255",CASH Spends,Yes,BILLS,,
31-12-17,01:45 PM,RENT,"10,500",CASH Spends,Yes,BILLS,,
31-12-17,03:28 PM,SNACKS,720,CASH Spends,Yes,GROCERIES,,
31-12-17,06:34 PM,SPENT,"1,533",StanC credit 1570,Yes,GROCERIES,,
01-01-18,09:00 AM,MAID,"5,000",CASH Spends,Yes,BILLS,,
02-01-18,10:03 AM,MYNTRA,-324.24,CitiBank credit 4456,Yes,SHOPPING,#Online,
02-01-18,10:41 AM,NAN,530,CASH Spends,Yes,GROCERIES,,
02-01-18,06:22 PM,SPENT,580,StanC credit 1570,Yes,SHOPPING,,
02-01-18,06:27 PM,NET BANKING,580,HDFC  5463,No,UNKNOWN,,an online payment
04-01-18,02:38 PM,SPENT,908.54,StanC credit 1570,Yes,SHOPPING,,
05-01-18,05:25 PM,SPENT,"4,387",StanC credit 1570,Yes,BILLS,,
05-01-18,07:34 PM,SPENT,"3,671",StanC credit 1570,Yes,GROCERIES,,
06-01-18,12:24 PM,SPENT,"1,562",StanC credit 1570,Yes,SHOPPING,,
06-01-18,02:44 PM,CAMERA,"35,940",CASH Spends,Yes,SHOPPING,,
09-01-18,08:46 PM,BOOKMYSHOW,256.01,HDFC credit 2721,Yes,ENTERTAINMENT,#Online,
11-01-18,12:05 AM,AMAZON,"1,093",HDFC credit 2721,Yes,SHOPPING,#Online,
11-01-18,07:40 AM,DINNER,60,CASH Spends,Yes,FOOD & DRINKS,,
13-01-18,11:23 AM,VEDANTA SCHOOL,965,HDFC credit 2721,Yes,SHOPPING,,
15-01-18,02:53 PM,SEA SHELL,288.75,HDFC credit 2721,Yes,FOOD & DRINKS,,
16-01-18,04:39 PM,OLIVE SERVICED APARTME,"1,685",HDFC credit 2721,Yes,BILLS,,
17-01-18,07:34 PM,HOTEL ELITE PALAZZO,"1,880",HDFC credit 2721,Yes,GROCERIES,,
20-01-18,10:34 AM,HOTEL ELITE PALAZZO,110,HDFC credit 2721,Yes,GROCERIES,,
20-01-18,11:40 AM,AMAZON,570,HDFC credit 2721,Yes,SHOPPING,#Online,
20-01-18,05:46 PM,ATM,"2,000",HDFC debit 3801,No,,,"KARAYAMPARAMBU,KARUKUTT"
21-01-18,07:05 PM,MEAT,300,CASH Spends,Yes,GROCERIES,,
21-01-18,07:06 PM,BIKE SERVCE,"1,260",CASH Spends,Yes,BILLS,,
21-01-18,07:08 PM,VEGIES,123,CASH Spends,Yes,GROCERIES,,
22-01-18,11:00 PM,AMAZON,"1,429.8",CitiBank credit 4456,Yes,SHOPPING,#Online,
23-01-18,07:41 PM,PAYUIND,"1,893",HDFC credit 2721,Yes,SHOPPING,#Online,
24-01-18,06:39 PM,KKRIS SKIN CARE,352,CitiBank credit 4456,Yes,TRAVEL,,
25-01-18,07:12 PM,HOTEL ELITE PALAZZO,"2,872",CitiBank credit 4456,Yes,GROCERIES,,
25-01-18,07:47 PM,NEW ORANGE FAMILY RE,430,CitiBank credit 4456,Yes,FOOD & DRINKS,,
26-01-18,08:44 AM,PRIYAS,"1,970.26",CitiBank credit 4456,Yes,FUEL,,
26-01-18,06:48 PM,BSNLPOST,"1,366",CitiBank credit 4456,Yes,BILLS,,
29-01-18,05:27 AM,RICE,800,CASH Spends,Yes,GROCERIES,,
30-01-18,10:29 AM,PETROL,-14.78,CitiBank credit 4456,Yes,FUEL,,
31-01-18,07:51 AM,MAINTENANCE AND GAS,"3,320",CASH Spends,Yes,BILLS,,
31-01-18,07:52 AM,ELECTRICITY,"1,101",CASH Spends,Yes,BILLS,,
31-01-18,08:37 AM,MILK,"1,013",CASH Spends,Yes,BILLS,,
31-01-18,08:37 AM,RENT,"10,500",CASH Spends,Yes,BILLS,,
01-02-18,07:21 AM,NET BANKING,"4,000",SBI  XXXX,No,UNKNOWN,,
03-02-18,09:22 PM,ATM,"5,000",CitiBank debit 8448,No,,,
05-02-18,07:10 PM,ATM,"5,000",CitiBank debit 8448,No,,,
06-02-18,07:34 AM,NET BANKING,"10,000",HDFC  5463,No,UNKNOWN,,TPT
06-02-18,09:55 AM,NET BANKING,"20,000",HDFC  5463,No,UNKNOWN,,TPT
07-02-18,07:23 AM,NET BANKING,"10,000",HDFC  5463,No,UNKNOWN,,TPT
07-02-18,06:29 PM,PRIYAS,"2,110.32",HDFC credit 2721,Yes,FUEL,,
08-02-18,06:00 PM,ATM,"5,000",CitiBank debit 8448,No,,,
08-02-18,08:56 PM,ELITE SUPERMARKET,"2,654.4",HDFC credit 2721,Yes,GROCERIES,,
09-02-18,07:57 AM,NET BANKING,"1,101",SBI  XXXX,No,UNKNOWN,,
09-02-18,11:09 PM,ONEPLUSSTOREPAYU MU,"1,782",CitiBank debit 3018,Yes,SHOPPING,#Online,
10-02-18,12:17 PM,MEALS,255,CASH Spends,Yes,FOOD & DRINKS,,
11-02-18,01:47 PM,HOTEL RUKMINI,362,HDFC credit 2721,Yes,FOOD & DRINKS,,
12-02-18,11:25 AM,FOOD,200,CASH Spends,Yes,FOOD & DRINKS,,
12-02-18,04:59 PM,JUBILEE MISSION HOSPITAL,"6,131",HDFC credit 2721,Yes,HEALTH,,
14-02-18,09:14 PM,ELITE SUPERMARKET,"1,702",HDFC credit 2721,Yes,GROCERIES,,
16-02-18,01:17 PM,VISABILLPAY,67,CitiBank credit 4456,Yes,MOBILE BILLS,,
16-02-18,01:24 PM,CHENNAI FOOD EXPENSES,51,HDFC  5463,No,FOOD & DRINKS,,indiaideas@icici
17-02-18,10:26 AM,AMAZON,693.9,HDFC credit 2721,Yes,SHOPPING,#Online,
18-02-18,10:56 AM,ELITE SUPERMARKET,"1,883",HDFC credit 2721,Yes,GROCERIES,,
18-02-18,04:33 PM,CHENNAI FOOD EXPENSES,21,HDFC  5463,No,FOOD & DRINKS,,indiaideas@icici
18-02-18,05:08 PM,PAYTM,"2,935.26",CitiBank credit 4456,Yes,SHOPPING,,
18-02-18,05:08 PM,KIDZON,"3,585.26",PAYTM  Unknown,No,SHOPPING,,
19-02-18,10:06 AM,MEDICAL BILLS,480,CASH Spends,Yes,HEALTH,,
19-02-18,10:18 PM,SPENT,43,StanC credit 1570,Yes,SHOPPING,,
20-02-18,08:24 AM,SPENT,61.88,StanC credit 1570,Yes,SHOPPING,,
20-02-18,10:41 AM,UBER@AXISBANK,361.21,CitiBank  XXXX,No,UNKNOWN,,UPI Ref no. 805110650803
20-02-18,01:54 PM,SWIGGY,384,PAYTM  Unknown,No,FOOD & DRINKS,#Online,
20-02-18,01:54 PM,PAYTM,284,CitiBank credit 4456,Yes,SHOPPING,,
24-02-18,01:58 PM,MANI'S DUM BIRYANI,254,CitiBank credit 4456,Yes,FOOD & DRINKS,,
24-02-18,05:34 PM,HOTEL PENTHOUSE,"10,400",CitiBank credit 4456,No,TRAVEL,,
25-02-18,04:41 AM,PRIYAS,"2,439.16",CitiBank credit 4456,Yes,FUEL,,
26-02-18,08:00 PM,ELITE SUPERMARKET,"3,176",CitiBank credit 4456,Yes,GROCERIES,,
27-02-18,07:15 PM,BSNL,"1,365",CitiBank credit 4456,Yes,BILLS,,
27-02-18,07:17 PM,PAID STANDARD CREDIT (1570),"14,689.11",CitiBank debit 3018,No,BILLS,,
28-02-18,08:08 AM,PRIYAS,-18.29,CitiBank credit 4456,Yes,FUEL,,
28-02-18,12:01 PM,MAINTENANCE,"2,500",CASH Spends,Yes,BILLS,,
28-02-18,07:12 PM,UPI FUNDS TRANSFER,399,HDFC  5463,No,UNKNOWN,,indiaideas@icici
28-02-18,09:46 PM,RENT,"10,500",CASH Spends,Yes,BILLS,,
01-03-18,12:28 PM,SPENT,"1,034.14",StanC credit 1570,Yes,SHOPPING,,
04-03-18,09:30 AM,MEAT PLUS OTHERS,382,CASH Spends,Yes,GROCERIES,,
04-03-18,04:42 PM,SPENT,250.9,StanC credit 1570,Yes,SHOPPING,,
04-03-18,09:23 PM,SPENT,"2,855",StanC credit 1570,Yes,SHOPPING,,
07-03-18,10:57 PM,MYNTRA,"1,039.07",HDFC credit 2721,Yes,SHOPPING,#Online,
08-03-18,03:11 PM,NET BANKING,"25,000",HDFC  5463,No,UNKNOWN,,TPT
09-03-18,08:41 PM,PRIYAS,"1,720.21",HDFC credit 2721,Yes,FUEL,,
11-03-18,12:01 PM,RICE,800,CASH Spends,Yes,GROCERIES,,
11-03-18,12:02 PM,MEAT AND FISH,650,CASH Spends,Yes,GROCERIES,,
11-03-18,12:02 PM,VEGIES,178,CASH Spends,Yes,GROCERIES,,
11-03-18,12:03 PM,TOLL,70,CASH Spends,Yes,TRAVEL,,
11-03-18,08:31 PM,CHENNAI ANANDABHAVAN,404,HDFC credit 2721,Yes,FOOD & DRINKS,,
13-03-18,07:43 PM,ELITE SUPERMARKET,"3,588",HDFC credit 2721,Yes,GROCERIES,,
13-03-18,08:30 PM,CHENNAI FOOD EXPENSES,399,HDFC  5463,No,FOOD & DRINKS,,indiaideas@icici

,,,,POWERED,BY,WALNUT,,http://getwalnut.com
